,carID,d,h,m,lat,long,name
0,15,7,3,20,36.06041403,24.90537658,Loreto Bodrogi
0,15,7,3,20,36.06063331,24.90481282,Loreto Bodrogi
0,15,7,3,20,36.06079974,24.9043483,Loreto Bodrogi
0,15,7,3,20,36.06099884,24.90374221,Loreto Bodrogi
0,15,7,3,20,36.06105266,24.90333272,Loreto Bodrogi
0,15,7,3,20,36.06128644,24.90290281,Loreto Bodrogi
0,15,7,3,21,36.06138479,24.90255487,Loreto Bodrogi
0,15,7,3,21,36.06149267,24.90228011,Loreto Bodrogi
0,15,7,3,21,36.06167461,24.90165729,Loreto Bodrogi
0,15,7,3,21,36.06186879,24.90078843,Loreto Bodrogi
0,15,7,3,21,36.06209457,24.90018529,Loreto Bodrogi
0,15,7,3,22,36.06220194,24.89967683,Loreto Bodrogi
0,15,7,3,22,36.06244169,24.89894719,Loreto Bodrogi
0,15,7,3,22,36.06265074,24.89847462,Loreto Bodrogi
0,15,7,3,22,36.06270108,24.89799923,Loreto Bodrogi
0,15,7,3,22,36.06284387,24.89744456,Loreto Bodrogi
0,15,7,3,23,36.06305846,24.89699754,Loreto Bodrogi
0,15,7,3,23,36.0635332,24.89677793,Loreto Bodrogi
0,15,7,3,23,36.06380039,24.89682462,Loreto Bodrogi
0,15,7,3,23,36.06423709,24.89681122,Loreto Bodrogi
0,15,7,3,23,36.06440174,24.89638581,Loreto Bodrogi
0,15,7,3,23,36.06450978,24.89590451,Loreto Bodrogi
0,15,7,3,23,36.06467139,24.89548021,Loreto Bodrogi
0,15,7,3,24,36.06508606,24.89522486,Loreto Bodrogi
0,15,7,3,24,36.06549807,24.89519862,Loreto Bodrogi
0,15,7,3,24,36.0658473,24.89509574,Loreto Bodrogi
0,15,7,3,24,36.06624105,24.89506551,Loreto Bodrogi
0,15,7,3,24,36.066688,24.89506643,Loreto Bodrogi
0,15,7,3,24,36.06705726,24.8951341,Loreto Bodrogi
0,15,7,3,24,36.06747884,24.89522322,Loreto Bodrogi
0,15,7,3,25,36.06859959,24.89512511,Loreto Bodrogi
0,15,7,3,25,36.06903991,24.89520051,Loreto Bodrogi
0,15,7,3,25,36.06976761,24.89522496,Loreto Bodrogi
0,15,7,3,25,36.07020728,24.89521785,Loreto Bodrogi
0,15,7,3,26,36.07065442,24.8952026,Loreto Bodrogi
0,15,7,3,26,36.0709903,24.89387336,Loreto Bodrogi
0,15,7,3,26,36.07106538,24.89277442,Loreto Bodrogi
0,15,7,3,26,36.07131945,24.89152316,Loreto Bodrogi
0,15,7,3,26,36.07145631,24.8907249,Loreto Bodrogi
0,15,7,3,27,36.07169256,24.88944694,Loreto Bodrogi
0,15,7,3,27,36.07228234,24.88827937,Loreto Bodrogi
0,15,7,3,27,36.07303198,24.88701513,Loreto Bodrogi
0,15,7,3,27,36.07367372,24.88570295,Loreto Bodrogi
0,15,7,3,27,36.07422833,24.88493598,Loreto Bodrogi
0,15,7,3,28,36.07492177,24.88361868,Loreto Bodrogi
0,15,7,3,28,36.07527336,24.88307138,Loreto Bodrogi
0,15,7,3,28,36.07515315,24.88226757,Loreto Bodrogi
0,15,7,3,28,36.07489025,24.88194886,Loreto Bodrogi
0,15,7,3,28,36.07465318,24.88166541,Loreto Bodrogi
0,15,7,3,28,36.07423807,24.88143956,Loreto Bodrogi
0,15,7,3,28,36.07390161,24.88134608,Loreto Bodrogi
0,15,7,3,29,36.07379316,24.88130504,Loreto Bodrogi
0,15,7,3,29,36.07419796,24.8811366,Loreto Bodrogi
0,15,7,3,29,36.07451103,24.88110971,Loreto Bodrogi
0,15,7,3,29,36.07514576,24.88085416,Loreto Bodrogi
0,15,7,3,29,36.07519657,24.88017509,Loreto Bodrogi
0,15,7,3,29,36.07526668,24.87972229,Loreto Bodrogi
0,15,7,3,30,36.07528111,24.87938901,Loreto Bodrogi
0,15,7,3,30,36.07524393,24.87885497,Loreto Bodrogi
0,15,7,3,30,36.07519791,24.87843027,Loreto Bodrogi
0,15,7,3,30,36.07518232,24.87807185,Loreto Bodrogi
0,15,7,3,30,36.07514838,24.87776564,Loreto Bodrogi
0,15,7,3,30,36.07516183,24.87754499,Loreto Bodrogi
0,15,7,3,30,36.07519714,24.87715834,Loreto Bodrogi
0,15,7,3,30,36.07519148,24.87678063,Loreto Bodrogi
0,15,7,3,31,36.0751996,24.87655895,Loreto Bodrogi
0,15,7,3,31,36.0752667,24.87622639,Loreto Bodrogi
0,15,7,3,31,36.07525052,24.87586401,Loreto Bodrogi
0,15,7,3,31,36.07524973,24.87565672,Loreto Bodrogi
0,15,7,3,31,36.07525924,24.87527176,Loreto Bodrogi
0,15,7,3,31,36.07523,24.87482822,Loreto Bodrogi
0,15,7,3,31,36.07525704,24.87460327,Loreto Bodrogi
0,15,7,3,31,36.0752363,24.87430543,Loreto Bodrogi
0,15,7,3,31,36.07523022,24.87392186,Loreto Bodrogi
0,15,7,3,31,36.07524362,24.87369385,Loreto Bodrogi
0,15,7,3,32,36.07522076,24.87345248,Loreto Bodrogi
0,15,7,3,32,36.07522153,24.87315621,Loreto Bodrogi
0,15,7,3,32,36.07524368,24.87274733,Loreto Bodrogi
0,15,7,3,32,36.07522995,24.87237445,Loreto Bodrogi
0,15,7,3,32,36.07524585,24.87213403,Loreto Bodrogi
0,15,7,3,32,36.0752453,24.87184212,Loreto Bodrogi
0,15,7,3,32,36.07523174,24.87157891,Loreto Bodrogi
0,15,7,3,32,36.07527472,24.87136929,Loreto Bodrogi
0,15,7,3,32,36.07563693,24.87136517,Loreto Bodrogi
0,15,7,3,32,36.07592612,24.87137055,Loreto Bodrogi
0,15,7,3,33,36.07612576,24.87134499,Loreto Bodrogi
0,15,7,3,33,36.07614934,24.87109864,Loreto Bodrogi
0,15,7,3,33,36.07614384,24.87084012,Loreto Bodrogi
0,15,7,3,33,36.07612969,24.87053908,Loreto Bodrogi
0,15,7,3,33,36.07613919,24.87023451,Loreto Bodrogi
0,15,7,3,33,36.07612167,24.86998431,Loreto Bodrogi
0,15,7,3,33,36.07613903,24.86973499,Loreto Bodrogi
0,15,7,3,33,36.07614335,24.86939684,Loreto Bodrogi
0,15,7,3,33,36.07614183,24.86915985,Loreto Bodrogi
0,15,7,3,33,36.07614067,24.86890995,Loreto Bodrogi
0,15,7,3,33,36.07612524,24.86860708,Loreto Bodrogi
0,15,7,3,34,36.07612228,24.86834851,Loreto Bodrogi
0,15,7,3,34,36.07613333,24.86810339,Loreto Bodrogi
0,15,7,3,34,36.0761374,24.8676927,Loreto Bodrogi
0,15,7,3,34,36.07634952,24.86767448,Loreto Bodrogi
0,15,7,3,34,36.07661429,24.86767224,Loreto Bodrogi
0,15,7,3,34,36.07691021,24.86768969,Loreto Bodrogi
0,15,7,3,34,36.07690909,24.8674478,Loreto Bodrogi
0,15,7,3,34,36.0769051,24.86717181,Loreto Bodrogi
0,15,7,3,34,36.07690873,24.86690299,Loreto Bodrogi
0,15,7,3,34,36.07687358,24.8666015,Loreto Bodrogi
0,15,7,3,35,36.07686175,24.86632788,Loreto Bodrogi
0,15,7,3,35,36.0768639,24.86607065,Loreto Bodrogi
0,15,9,3,20,36.06050491,24.90526106,Loreto Bodrogi
0,15,9,3,20,36.06073999,24.90452415,Loreto Bodrogi
0,15,9,3,20,36.06088615,24.90417514,Loreto Bodrogi
0,15,9,3,20,36.06109416,24.90314346,Loreto Bodrogi
0,15,9,3,21,36.06130564,24.90263986,Loreto Bodrogi
0,15,9,3,21,36.06141311,24.90230276,Loreto Bodrogi
0,15,9,3,21,36.06157892,24.90189671,Loreto Bodrogi
0,15,9,3,21,36.0616694,24.90135969,Loreto Bodrogi
0,15,9,3,21,36.06186162,24.9009168,Loreto Bodrogi
0,15,9,3,21,36.06205565,24.90013699,Loreto Bodrogi
0,15,9,3,22,36.06211959,24.89978722,Loreto Bodrogi
0,15,9,3,22,36.06232792,24.89946292,Loreto Bodrogi
0,15,9,3,22,36.0623454,24.89913139,Loreto Bodrogi
0,15,9,3,22,36.06245254,24.89875972,Loreto Bodrogi
0,15,9,3,22,36.06263671,24.89840317,Loreto Bodrogi
0,15,9,3,22,36.0627347,24.89804115,Loreto Bodrogi
0,15,9,3,22,36.06295423,24.89735607,Loreto Bodrogi
0,15,9,3,23,36.06324952,24.89682935,Loreto Bodrogi
0,15,9,3,23,36.06397965,24.89680744,Loreto Bodrogi
0,15,9,3,23,36.06432452,24.89663252,Loreto Bodrogi
0,15,9,3,23,36.06443846,24.8963076,Loreto Bodrogi
0,15,9,3,23,36.06461334,24.89587798,Loreto Bodrogi
0,15,9,3,23,36.06467568,24.89547155,Loreto Bodrogi
0,15,9,3,24,36.06530598,24.89514142,Loreto Bodrogi
0,15,9,3,24,36.06575924,24.89512932,Loreto Bodrogi
0,15,9,3,24,36.0662812,24.89507908,Loreto Bodrogi
0,15,9,3,24,36.06672855,24.89512331,Loreto Bodrogi
0,15,9,3,24,36.06729098,24.89514311,Loreto Bodrogi
0,15,9,3,25,36.0677537,24.89520241,Loreto Bodrogi
0,15,9,3,25,36.06813575,24.89522856,Loreto Bodrogi
0,15,9,3,25,36.06873462,24.89517231,Loreto Bodrogi
0,15,9,3,25,36.0691513,24.89521716,Loreto Bodrogi
0,15,9,3,25,36.06943158,24.89528451,Loreto Bodrogi
0,15,9,3,25,36.0699555,24.89512786,Loreto Bodrogi
0,15,9,3,25,36.07033103,24.8951458,Loreto Bodrogi
0,15,9,3,26,36.07088962,24.89417213,Loreto Bodrogi
0,15,9,3,26,36.07118027,24.89280254,Loreto Bodrogi
0,15,9,3,26,36.07128148,24.89141133,Loreto Bodrogi
0,15,9,3,26,36.07152843,24.89026625,Loreto Bodrogi
0,15,9,3,27,36.07208678,24.88874886,Loreto Bodrogi
0,15,9,3,27,36.07259736,24.88777431,Loreto Bodrogi
0,15,9,3,27,36.07297946,24.8871004,Loreto Bodrogi
0,15,9,3,27,36.07342835,24.88622361,Loreto Bodrogi
0,15,9,3,27,36.07394905,24.88535227,Loreto Bodrogi
0,15,9,3,27,36.07437201,24.88458003,Loreto Bodrogi
0,15,9,3,28,36.07473984,24.88402145,Loreto Bodrogi
0,15,9,3,28,36.075021,24.88341686,Loreto Bodrogi
0,15,9,3,28,36.07536639,24.8828008,Loreto Bodrogi
0,15,9,3,28,36.07529767,24.88243975,Loreto Bodrogi
0,15,9,3,28,36.07485709,24.88192157,Loreto Bodrogi
0,15,9,3,28,36.0743588,24.88151694,Loreto Bodrogi
0,15,9,3,28,36.07404702,24.88138316,Loreto Bodrogi
0,15,9,3,29,36.07379112,24.8813656,Loreto Bodrogi
0,15,9,3,29,36.07394566,24.88123013,Loreto Bodrogi
0,15,9,3,29,36.07433017,24.88116187,Loreto Bodrogi
0,15,9,3,29,36.07454424,24.88107016,Loreto Bodrogi
0,15,9,3,29,36.07496108,24.8809398,Loreto Bodrogi
0,15,9,3,29,36.07514214,24.8806899,Loreto Bodrogi
0,15,9,3,29,36.07521914,24.88045606,Loreto Bodrogi
0,15,9,3,29,36.07519533,24.88001978,Loreto Bodrogi
0,15,9,3,29,36.07520715,24.87971401,Loreto Bodrogi
0,15,9,3,30,36.07521639,24.87935097,Loreto Bodrogi
0,15,9,3,30,36.07521802,24.87907295,Loreto Bodrogi
0,15,9,3,30,36.07522564,24.87865479,Loreto Bodrogi
0,15,9,3,30,36.07516723,24.87820443,Loreto Bodrogi
0,15,9,3,30,36.07518997,24.8779605,Loreto Bodrogi
0,15,9,3,30,36.07514431,24.8774889,Loreto Bodrogi
0,15,9,3,30,36.07517122,24.87705119,Loreto Bodrogi
0,15,9,3,31,36.07520138,24.87659616,Loreto Bodrogi
0,15,9,3,31,36.07523585,24.87619016,Loreto Bodrogi
0,15,9,3,31,36.07523749,24.87559221,Loreto Bodrogi
0,15,9,3,31,36.07523047,24.87507498,Loreto Bodrogi
0,15,9,3,31,36.07522049,24.87475914,Loreto Bodrogi
0,15,9,3,31,36.07506534,24.87469525,Loreto Bodrogi
0,15,9,3,31,36.0747807,24.87468005,Loreto Bodrogi
0,15,9,3,31,36.07453539,24.87470383,Loreto Bodrogi
0,15,9,3,31,36.07429076,24.87469592,Loreto Bodrogi
0,15,9,3,32,36.07403188,24.87470495,Loreto Bodrogi
0,15,9,3,32,36.07381118,24.87470442,Loreto Bodrogi
0,15,9,3,32,36.07338208,24.8746997,Loreto Bodrogi
0,15,9,3,32,36.0730518,24.87468048,Loreto Bodrogi
0,15,9,3,32,36.07281215,24.87467969,Loreto Bodrogi
0,15,9,3,32,36.07241787,24.87468973,Loreto Bodrogi
0,15,9,3,32,36.07216291,24.87462527,Loreto Bodrogi
0,16,7,3,25,36.07684027,24.86587968,Isia Vann
0,16,11,3,23,36.07602078,24.87469092,Isia Vann
0,16,11,3,23,36.07570831,24.87470167,Isia Vann
0,16,11,3,23,36.07545343,24.8747054,Isia Vann
0,16,11,3,23,36.07526322,24.87472708,Isia Vann
0,16,11,3,23,36.07523848,24.87496614,Isia Vann
0,16,11,3,23,36.07526012,24.87524268,Isia Vann
0,16,11,3,23,36.07524139,24.87555194,Isia Vann
0,16,11,3,23,36.07522076,24.87577005,Isia Vann
0,16,11,3,23,36.07524979,24.87612282,Isia Vann
0,16,11,3,23,36.07525138,24.8764557,Isia Vann
0,16,11,3,24,36.0752025,24.87668305,Isia Vann
0,16,11,3,24,36.07522083,24.87701707,Isia Vann
0,16,11,3,24,36.07516972,24.87733448,Isia Vann
0,16,11,3,24,36.07516649,24.87765114,Isia Vann
0,16,11,3,24,36.07513607,24.87790243,Isia Vann
0,16,11,3,24,36.07518252,24.87824052,Isia Vann
0,16,11,3,24,36.07520383,24.87845742,Isia Vann
0,16,11,3,24,36.07524514,24.87881279,Isia Vann
0,16,11,3,24,36.07524159,24.8792051,Isia Vann
0,16,11,3,24,36.07521293,24.87954025,Isia Vann
0,16,11,3,25,36.07525157,24.87980145,Isia Vann
0,16,11,3,25,36.07517734,24.88051889,Isia Vann
0,16,11,3,25,36.07518075,24.88082189,Isia Vann
0,16,11,3,25,36.07487634,24.88094849,Isia Vann
0,16,11,3,25,36.07463371,24.88102472,Isia Vann
0,16,11,3,25,36.07426151,24.88118041,Isia Vann
0,16,11,3,25,36.07393499,24.88121012,Isia Vann
0,16,11,3,25,36.07368333,24.8812832,Isia Vann
0,16,11,3,26,36.0739431,24.88135168,Isia Vann
0,16,11,3,26,36.07453001,24.88162461,Isia Vann
0,16,11,3,26,36.07478019,24.88183748,Isia Vann
0,16,11,3,26,36.07508325,24.88218988,Isia Vann
0,16,11,3,26,36.07543509,24.8827397,Isia Vann
0,16,11,3,26,36.0749571,24.88352957,Isia Vann
0,16,11,3,27,36.07446542,24.88436609,Isia Vann
0,16,11,3,27,36.07334899,24.88646581,Isia Vann
0,16,11,3,27,36.07292534,24.8870756,Isia Vann
0,16,11,3,27,36.07266513,24.8876898,Isia Vann
0,16,11,3,27,36.07177765,24.88908948,Isia Vann
0,16,11,3,28,36.07158182,24.88983693,Isia Vann
0,16,11,3,28,36.0714673,24.89065535,Isia Vann
0,16,11,3,28,36.07127812,24.8921972,Isia Vann
0,16,11,3,28,36.07099637,24.89378416,Isia Vann
0,16,11,3,28,36.07086807,24.89436663,Isia Vann
0,16,11,3,29,36.07038209,24.89508198,Isia Vann
0,16,11,3,29,36.0695483,24.89521687,Isia Vann
0,16,11,3,29,36.06908419,24.89517353,Isia Vann
0,16,11,3,29,36.06867958,24.89516425,Isia Vann
0,16,11,3,29,36.06831148,24.89517209,Isia Vann
0,16,11,3,29,36.06768735,24.89527322,Isia Vann
0,16,11,3,30,36.06724796,24.89515664,Isia Vann
0,16,11,3,30,36.06659756,24.89510966,Isia Vann
0,16,11,3,30,36.06600889,24.89509314,Isia Vann
0,16,11,3,30,36.06555204,24.89517528,Isia Vann
0,16,11,3,30,36.06513577,24.89520905,Isia Vann
0,16,11,3,31,36.06466121,24.89541426,Isia Vann
0,16,11,3,31,36.06461997,24.89579351,Isia Vann
0,16,11,3,31,36.06444327,24.89616602,Isia Vann
0,16,11,3,31,36.06430409,24.89674403,Isia Vann
0,16,11,3,31,36.06358096,24.89682894,Isia Vann
0,16,11,3,31,36.06322715,24.89681792,Isia Vann
0,16,11,3,32,36.06284403,24.89747903,Isia Vann
0,16,11,3,32,36.06278056,24.89802195,Isia Vann
0,16,11,3,32,36.06264141,24.89844436,Isia Vann
0,16,11,3,32,36.06242953,24.89899366,Isia Vann
0,16,11,3,32,36.06212222,24.89981986,Isia Vann
0,16,11,3,33,36.0620057,24.90006899,Isia Vann
0,16,11,3,33,36.06191474,24.90075748,Isia Vann
0,16,11,3,33,36.06179419,24.90124396,Isia Vann
0,16,11,3,33,36.06167278,24.90157502,Isia Vann
0,16,11,3,33,36.0614258,24.90223065,Isia Vann
0,16,11,3,34,36.06122272,24.90293116,Isia Vann
0,16,11,3,34,36.06101352,24.90349767,Isia Vann
0,16,11,3,34,36.06088844,24.904011,Isia Vann
0,16,11,3,34,36.06082038,24.90429263,Isia Vann
0,16,11,3,34,36.06072887,24.90453284,Isia Vann
0,16,11,3,34,36.06041623,24.90546998,Isia Vann
0,21,11,3,20,36.0604303,24.90556693,Hennie Osvaldo
0,21,11,3,20,36.06062482,24.9049721,Hennie Osvaldo
0,21,11,3,20,36.0608041,24.90410638,Hennie Osvaldo
0,21,11,3,20,36.06089918,24.9038692,Hennie Osvaldo
0,21,11,3,20,36.06113464,24.903365,Hennie Osvaldo
0,21,11,3,21,36.06135052,24.90273365,Hennie Osvaldo
0,21,11,3,21,36.0615406,24.90212743,Hennie Osvaldo
0,21,11,3,21,36.06169938,24.90150462,Hennie Osvaldo
0,21,11,3,21,36.06184403,24.90064196,Hennie Osvaldo
0,21,11,3,21,36.06200108,24.90011235,Hennie Osvaldo
0,21,11,3,22,36.06233132,24.89944191,Hennie Osvaldo
0,21,11,3,22,36.06247085,24.89871515,Hennie Osvaldo
0,21,11,3,22,36.06262835,24.89829958,Hennie Osvaldo
0,21,11,3,22,36.06285488,24.89764564,Hennie Osvaldo
0,21,11,3,22,36.06300105,24.89706425,Hennie Osvaldo
0,21,11,3,23,36.06312002,24.89682095,Hennie Osvaldo
0,21,11,3,23,36.06370258,24.89678272,Hennie Osvaldo
0,21,11,3,23,36.06405488,24.89679674,Hennie Osvaldo
0,21,11,3,23,36.06434616,24.89664886,Hennie Osvaldo
0,21,11,3,23,36.06450439,24.89597476,Hennie Osvaldo
0,21,11,3,23,36.06465983,24.89559828,Hennie Osvaldo
0,21,11,3,24,36.06478534,24.89523985,Hennie Osvaldo
0,21,11,3,24,36.06516392,24.89512391,Hennie Osvaldo
0,21,11,3,24,36.06551375,24.89512828,Hennie Osvaldo
0,21,11,3,24,36.06590824,24.89509987,Hennie Osvaldo
0,21,11,3,24,36.06638943,24.89510379,Hennie Osvaldo
0,21,11,3,24,36.06695927,24.89513842,Hennie Osvaldo
0,21,11,3,24,36.06734894,24.89524704,Hennie Osvaldo
0,21,11,3,25,36.06779741,24.89522167,Hennie Osvaldo
0,21,11,3,25,36.06804451,24.89513796,Hennie Osvaldo
0,21,11,3,25,36.06868733,24.89509633,Hennie Osvaldo
0,21,11,3,25,36.06929805,24.89515169,Hennie Osvaldo
0,21,11,3,25,36.07002833,24.89512664,Hennie Osvaldo
0,21,11,3,25,36.07029808,24.89514455,Hennie Osvaldo
0,21,11,3,25,36.07058976,24.89522967,Hennie Osvaldo
0,21,11,3,26,36.07089756,24.89417538,Hennie Osvaldo
0,21,11,3,26,36.07096243,24.89358027,Hennie Osvaldo
0,21,11,3,26,36.07114767,24.89253846,Hennie Osvaldo
0,21,11,3,26,36.07142669,24.89082284,Hennie Osvaldo
0,21,11,3,26,36.07157538,24.89005849,Hennie Osvaldo
0,21,11,3,27,36.07231806,24.88823056,Hennie Osvaldo
0,21,11,3,27,36.07271989,24.88744018,Hennie Osvaldo
0,21,11,3,27,36.07300017,24.88702886,Hennie Osvaldo
0,21,11,3,27,36.0737594,24.88564763,Hennie Osvaldo
0,21,11,3,27,36.07411978,24.88501705,Hennie Osvaldo
0,21,11,3,27,36.07442763,24.88441882,Hennie Osvaldo
0,21,11,3,28,36.07473693,24.88403504,Hennie Osvaldo
0,21,11,3,28,36.0750773,24.88340767,Hennie Osvaldo
0,21,11,3,28,36.07541701,24.88264976,Hennie Osvaldo
0,21,11,3,28,36.07522399,24.88233067,Hennie Osvaldo
0,21,11,3,28,36.07495525,24.88206602,Hennie Osvaldo
0,21,11,3,28,36.07481076,24.88185253,Hennie Osvaldo
0,21,11,3,28,36.07449003,24.88156364,Hennie Osvaldo
0,21,11,3,28,36.07397232,24.88141866,Hennie Osvaldo
0,21,11,3,29,36.07365493,24.88129819,Hennie Osvaldo
0,21,11,3,29,36.07386922,24.88125915,Hennie Osvaldo
0,21,11,3,29,36.07420442,24.88113393,Hennie Osvaldo
0,21,11,3,29,36.07459496,24.88105595,Hennie Osvaldo
0,21,11,3,29,36.07491303,24.8809413,Hennie Osvaldo
0,21,11,3,29,36.07516845,24.88090982,Hennie Osvaldo
0,21,11,3,29,36.07522233,24.88044354,Hennie Osvaldo
0,21,11,3,29,36.07518749,24.88017592,Hennie Osvaldo
0,21,11,3,29,36.07523409,24.87986495,Hennie Osvaldo
0,21,11,3,30,36.07524604,24.87948844,Hennie Osvaldo
0,21,11,3,30,36.07520836,24.87919389,Hennie Osvaldo
0,21,11,3,30,36.07522694,24.87886613,Hennie Osvaldo
0,21,11,3,30,36.07518468,24.8785503,Hennie Osvaldo
0,21,11,3,30,36.07517029,24.87824004,Hennie Osvaldo
0,21,11,3,30,36.07517178,24.87791225,Hennie Osvaldo
0,21,11,3,30,36.07516937,24.87768082,Hennie Osvaldo
0,21,11,3,30,36.07514963,24.87741364,Hennie Osvaldo
0,21,11,3,30,36.07520189,24.87716364,Hennie Osvaldo
0,21,11,3,30,36.07522242,24.87685812,Hennie Osvaldo
0,21,11,3,31,36.07521463,24.87657013,Hennie Osvaldo
0,21,11,3,31,36.0752148,24.8763503,Hennie Osvaldo
0,21,11,3,31,36.075259,24.87603681,Hennie Osvaldo
0,21,11,3,31,36.07525589,24.87575386,Hennie Osvaldo
0,21,11,3,31,36.07524722,24.87543336,Hennie Osvaldo
0,21,11,3,31,36.07525174,24.87520849,Hennie Osvaldo
0,21,11,3,31,36.07523998,24.87492674,Hennie Osvaldo
0,21,11,3,31,36.07523297,24.87468509,Hennie Osvaldo
0,21,11,3,31,36.07547324,24.87470289,Hennie Osvaldo
0,21,11,3,31,36.07575389,24.87468592,Hennie Osvaldo
0,21,11,3,31,36.07602867,24.87467054,Hennie Osvaldo
0,21,11,3,32,36.07622357,24.87468854,Hennie Osvaldo
0,21,14,3,20,36.07819286,24.87214469,Hennie Osvaldo
0,21,14,3,30,36.07819349,24.87194426,Hennie Osvaldo
0,21,14,3,30,36.07822974,24.87156969,Hennie Osvaldo
0,21,14,3,30,36.07795711,24.87146594,Hennie Osvaldo
0,21,14,3,30,36.07770279,24.87146408,Hennie Osvaldo
0,21,14,3,30,36.07743524,24.87146912,Hennie Osvaldo
0,21,14,3,30,36.07713128,24.87149094,Hennie Osvaldo
0,21,14,3,30,36.07714739,24.87171167,Hennie Osvaldo
0,21,14,3,30,36.07714535,24.87205768,Hennie Osvaldo
0,21,14,3,30,36.07712808,24.87237244,Hennie Osvaldo
0,21,14,3,30,36.07714303,24.87263332,Hennie Osvaldo
0,21,14,3,31,36.07715914,24.87290707,Hennie Osvaldo
0,21,14,3,31,36.07706219,24.87308181,Hennie Osvaldo
0,21,14,3,31,36.07667875,24.87314735,Hennie Osvaldo
0,21,14,3,31,36.07642826,24.87315649,Hennie Osvaldo
0,21,14,3,31,36.0761419,24.87321676,Hennie Osvaldo
0,21,14,3,31,36.07615013,24.87357726,Hennie Osvaldo
0,21,14,3,31,36.07616925,24.8738877,Hennie Osvaldo
0,21,14,3,31,36.07620692,24.87416111,Hennie Osvaldo
0,21,14,3,31,36.07625451,24.87449202,Hennie Osvaldo
0,21,14,3,32,36.07618788,24.87470129,Hennie Osvaldo
0,21,14,3,32,36.0758806,24.87470494,Hennie Osvaldo
0,21,14,3,32,36.07551033,24.87469465,Hennie Osvaldo
0,21,14,3,32,36.07528523,24.87469192,Hennie Osvaldo
0,21,14,3,32,36.07525599,24.87491011,Hennie Osvaldo
0,21,14,3,32,36.07523804,24.87526944,Hennie Osvaldo
0,21,14,3,32,36.07523528,24.87570797,Hennie Osvaldo
0,21,14,3,32,36.0752328,24.87596478,Hennie Osvaldo
0,21,14,3,32,36.07525061,24.87618997,Hennie Osvaldo
0,21,14,3,32,36.07523073,24.87651085,Hennie Osvaldo
0,21,14,3,33,36.07522586,24.87697377,Hennie Osvaldo
0,21,14,3,33,36.07515866,24.87726575,Hennie Osvaldo
0,21,14,3,33,36.07515781,24.87750523,Hennie Osvaldo
0,21,14,3,33,36.07517785,24.87774364,Hennie Osvaldo
0,21,14,3,33,36.07518011,24.87830772,Hennie Osvaldo
0,21,14,3,33,36.07520242,24.87866636,Hennie Osvaldo
0,21,14,3,33,36.07525134,24.87915935,Hennie Osvaldo
0,21,14,3,33,36.07526039,24.87958446,Hennie Osvaldo
0,21,14,3,34,36.07520045,24.87985833,Hennie Osvaldo
0,21,14,3,34,36.07521348,24.88015519,Hennie Osvaldo
0,21,14,3,34,36.07518201,24.88036199,Hennie Osvaldo
0,21,14,3,34,36.07517681,24.88072932,Hennie Osvaldo
0,21,14,3,34,36.0748117,24.88096629,Hennie Osvaldo
0,21,14,3,34,36.07429218,24.88110849,Hennie Osvaldo
0,21,14,3,34,36.0740557,24.88123256,Hennie Osvaldo
0,21,14,3,34,36.07374127,24.88123275,Hennie Osvaldo
0,21,14,3,34,36.07380807,24.88135909,Hennie Osvaldo
0,21,14,3,35,36.07427008,24.88152846,Hennie Osvaldo
0,21,14,3,35,36.07452528,24.88161318,Hennie Osvaldo
0,21,14,3,35,36.07481756,24.88187638,Hennie Osvaldo
0,21,14,3,35,36.07517029,24.88224362,Hennie Osvaldo
0,21,14,3,35,36.07535511,24.88248063,Hennie Osvaldo
0,21,14,3,35,36.07528413,24.88301545,Hennie Osvaldo
0,21,14,3,35,36.07489106,24.88372681,Hennie Osvaldo
0,21,14,3,36,36.07443778,24.88450222,Hennie Osvaldo
0,21,14,3,36,36.07391222,24.88536626,Hennie Osvaldo
0,21,14,3,36,36.07344081,24.88617784,Hennie Osvaldo
0,21,14,3,36,36.0728482,24.88731601,Hennie Osvaldo
0,21,14,3,36,36.07217705,24.8883232,Hennie Osvaldo
0,21,14,3,37,36.0716566,24.88957053,Hennie Osvaldo
0,21,14,3,37,36.07146246,24.89052887,Hennie Osvaldo
0,21,14,3,37,36.07139272,24.89149014,Hennie Osvaldo
0,21,14,3,37,36.0712002,24.89242434,Hennie Osvaldo
0,21,14,3,37,36.07099378,24.89356235,Hennie Osvaldo
0,21,14,3,37,36.0707418,24.89461175,Hennie Osvaldo
0,21,14,3,37,36.07072833,24.89518782,Hennie Osvaldo
0,21,14,3,38,36.06993956,24.89523172,Hennie Osvaldo
0,21,14,3,38,36.06921483,24.89524654,Hennie Osvaldo
0,21,14,3,38,36.06856824,24.89508103,Hennie Osvaldo
0,21,14,3,38,36.06819741,24.89518273,Hennie Osvaldo
0,21,14,3,38,36.06769103,24.89516513,Hennie Osvaldo
0,21,14,3,39,36.06699016,24.89513974,Hennie Osvaldo
0,21,14,3,39,36.06639745,24.89509639,Hennie Osvaldo
0,21,14,3,39,36.06596522,24.89506746,Hennie Osvaldo
0,21,14,3,39,36.0655492,24.89516978,Hennie Osvaldo
0,21,14,3,39,36.06520691,24.89522285,Hennie Osvaldo
0,21,14,3,39,36.06470145,24.89526003,Hennie Osvaldo
0,21,14,3,40,36.0646934,24.89557202,Hennie Osvaldo
0,21,14,3,40,36.0645655,24.89599271,Hennie Osvaldo
0,21,14,3,40,36.06437007,24.89648562,Hennie Osvaldo
0,21,14,3,40,36.06401303,24.8968768,Hennie Osvaldo
0,21,14,3,40,36.06321111,24.89677624,Hennie Osvaldo
0,21,14,3,40,36.06303666,24.89713332,Hennie Osvaldo
0,21,14,3,41,36.06278953,24.89763909,Hennie Osvaldo
0,21,14,3,41,36.06261879,24.89835007,Hennie Osvaldo
0,21,14,3,41,36.06256867,24.89858182,Hennie Osvaldo
0,21,14,3,41,36.06244231,24.89904756,Hennie Osvaldo
0,21,14,3,41,36.06229537,24.89953412,Hennie Osvaldo
0,21,14,3,41,36.06218195,24.89984419,Hennie Osvaldo
0,21,14,3,42,36.06205267,24.90030787,Hennie Osvaldo
0,21,14,3,42,36.061802,24.90096447,Hennie Osvaldo
0,21,14,3,42,36.06176032,24.9013183,Hennie Osvaldo
0,21,14,3,42,36.06153227,24.90199251,Hennie Osvaldo
0,21,14,3,42,36.06125521,24.90269562,Hennie Osvaldo
0,21,14,3,43,36.06117668,24.90320018,Hennie Osvaldo
0,21,14,3,43,36.0610095,24.9034695,Hennie Osvaldo
0,21,14,3,43,36.06083315,24.90413837,Hennie Osvaldo
0,21,14,3,43,36.0606862,24.90453101,Hennie Osvaldo
0,21,14,3,43,36.06043217,24.90534651,Hennie Osvaldo
0,24,9,3,30,36.07237521,24.87464903,Minke Mies
0,24,9,3,30,36.07280961,24.87470786,Minke Mies
0,24,9,3,30,36.07306766,24.87468883,Minke Mies
0,24,9,3,30,36.07333529,24.87471773,Minke Mies
0,24,9,3,30,36.07335707,24.87511202,Minke Mies
0,24,9,3,30,36.07334594,24.87538183,Minke Mies
0,24,9,3,30,36.07336676,24.87561145,Minke Mies
0,24,9,3,30,36.07336917,24.87593406,Minke Mies
0,24,9,3,30,36.07338879,24.87619708,Minke Mies
0,24,9,3,31,36.07368925,24.8761812,Minke Mies
0,24,9,3,31,36.07402823,24.87619951,Minke Mies
0,24,9,3,31,36.07437934,24.87617962,Minke Mies
0,24,9,3,31,36.07467548,24.87618227,Minke Mies
0,24,9,3,31,36.07502332,24.87620931,Minke Mies
0,24,9,3,31,36.07522138,24.87625041,Minke Mies
0,24,9,3,31,36.07518974,24.8767227,Minke Mies
0,24,9,3,31,36.07520166,24.87696198,Minke Mies
0,24,9,3,31,36.07518021,24.87722743,Minke Mies
0,24,9,3,31,36.0751406,24.87747923,Minke Mies
0,24,9,3,32,36.07515277,24.87779662,Minke Mies
0,24,9,3,32,36.0751624,24.87808603,Minke Mies
0,24,9,3,32,36.07519637,24.87840101,Minke Mies
0,24,9,3,32,36.07521417,24.87883077,Minke Mies
0,24,9,3,32,36.07522654,24.87931911,Minke Mies
0,24,9,3,32,36.07520904,24.87960244,Minke Mies
0,24,9,3,32,36.07519328,24.88008221,Minke Mies
0,24,9,3,32,36.07523057,24.88038089,Minke Mies
0,24,9,3,33,36.07520354,24.88062194,Minke Mies
0,24,9,3,33,36.07510678,24.88091274,Minke Mies
0,24,9,3,33,36.07474972,24.88102333,Minke Mies
0,24,9,3,33,36.07448757,24.88108879,Minke Mies
0,24,9,3,33,36.07414203,24.88118895,Minke Mies
0,24,9,3,33,36.07379315,24.881264,Minke Mies
0,24,9,3,33,36.07373141,24.88133389,Minke Mies
0,24,9,3,33,36.0742441,24.88148548,Minke Mies
0,24,9,3,33,36.07441372,24.88154541,Minke Mies
0,24,9,3,34,36.07461692,24.8817157,Minke Mies
0,24,9,3,34,36.07503032,24.88217703,Minke Mies
0,24,9,3,34,36.07524987,24.88241273,Minke Mies
0,24,9,3,34,36.07544515,24.88257937,Minke Mies
0,24,9,3,34,36.07505668,24.88341827,Minke Mies
0,24,9,3,34,36.07465932,24.88407781,Minke Mies
0,24,9,3,34,36.07429394,24.88461543,Minke Mies
0,24,9,3,34,36.07404174,24.88519205,Minke Mies
0,24,9,3,34,36.07375675,24.88556619,Minke Mies
0,24,9,3,35,36.07349893,24.88608432,Minke Mies
0,24,9,3,35,36.07305317,24.88688567,Minke Mies
0,24,9,3,35,36.07236723,24.88803646,Minke Mies
0,24,9,3,35,36.07175217,24.88915856,Minke Mies
0,24,9,3,35,36.0715248,24.88994448,Minke Mies
0,24,9,3,35,36.07146474,24.89047802,Minke Mies
0,24,9,3,36,36.0713254,24.89152031,Minke Mies
0,24,9,3,36,36.07119407,24.8923479,Minke Mies
0,24,9,3,36,36.07098948,24.8938947,Minke Mies
0,24,9,3,36,36.07075086,24.89506658,Minke Mies
0,24,9,3,36,36.07028114,24.89519507,Minke Mies
0,24,9,3,37,36.06966637,24.89523428,Minke Mies
0,24,9,3,37,36.06904706,24.8951762,Minke Mies
0,24,9,3,37,36.06836495,24.89513563,Minke Mies
0,24,9,3,37,36.06799134,24.89514641,Minke Mies
0,24,9,3,37,36.06743452,24.89515744,Minke Mies
0,24,9,3,37,36.06695413,24.89518163,Minke Mies
0,24,9,3,38,36.06634816,24.89517573,Minke Mies
0,24,9,3,38,36.06569551,24.89512106,Minke Mies
0,24,9,3,38,36.06510302,24.89521959,Minke Mies
0,24,9,3,38,36.06471173,24.89533697,Minke Mies
0,24,9,3,38,36.06461894,24.89585396,Minke Mies
0,24,9,3,39,36.06433514,24.89653027,Minke Mies
0,24,9,3,39,36.06379216,24.89679866,Minke Mies
0,24,9,3,39,36.06324597,24.89678552,Minke Mies
0,24,9,3,39,36.0631044,24.89708594,Minke Mies
0,24,9,3,39,36.06288138,24.89764095,Minke Mies
0,24,9,3,40,36.06270724,24.8980049,Minke Mies
0,24,9,3,40,36.06260883,24.89853075,Minke Mies
0,24,14,3,20,36.06249313,24.89887268,Minke Mies
0,24,14,3,20,36.06268029,24.89840079,Minke Mies
0,24,14,3,20,36.06278647,24.8977285,Minke Mies
0,24,14,3,20,36.0630714,24.89694582,Minke Mies
0,24,14,3,20,36.06336438,24.89678917,Minke Mies
0,24,14,3,21,36.06410547,24.89680871,Minke Mies
0,24,14,3,21,36.064419,24.89646262,Minke Mies
0,24,14,3,21,36.06455378,24.89597258,Minke Mies
0,24,14,3,21,36.06467837,24.89543849,Minke Mies
0,24,14,3,21,36.06508264,24.89520908,Minke Mies
0,24,14,3,21,36.06562151,24.8951848,Minke Mies
0,24,14,3,22,36.06625917,24.89515258,Minke Mies
0,24,14,3,22,36.06671098,24.89517217,Minke Mies
0,24,14,3,22,36.06820068,24.89520081,Minke Mies
0,24,14,3,22,36.06849788,24.89517772,Minke Mies
0,24,14,3,23,36.06917215,24.8952345,Minke Mies
0,24,14,3,23,36.0696877,24.89517789,Minke Mies
0,24,14,3,23,36.07026699,24.8952013,Minke Mies
0,24,14,3,23,36.07072053,24.8949877,Minke Mies
0,24,14,3,23,36.07090093,24.89418287,Minke Mies
0,24,14,3,23,36.07106825,24.8931071,Minke Mies
0,24,14,3,24,36.07123115,24.89205705,Minke Mies
0,24,14,3,24,36.07150986,24.89062431,Minke Mies
0,24,14,3,24,36.07161361,24.8897727,Minke Mies
0,24,14,3,24,36.07195348,24.88883405,Minke Mies
0,24,14,3,24,36.07258322,24.88780103,Minke Mies
0,24,14,3,25,36.07295481,24.88715923,Minke Mies
0,24,14,3,25,36.07363427,24.88589458,Minke Mies
0,24,14,3,25,36.0739965,24.88536226,Minke Mies
0,24,14,3,25,36.07439166,24.88457464,Minke Mies
0,24,14,3,25,36.0746654,24.88403184,Minke Mies
0,24,14,3,25,36.07506737,24.88332709,Minke Mies
0,24,14,3,25,36.07541605,24.8827581,Minke Mies
0,24,14,3,26,36.0751802,24.88230955,Minke Mies
0,24,14,3,26,36.07495918,24.88215449,Minke Mies
0,24,14,3,26,36.07473425,24.881717,Minke Mies
0,24,14,3,26,36.0743059,24.88150276,Minke Mies
0,24,14,3,26,36.07395406,24.88139593,Minke Mies
0,24,14,3,26,36.0738451,24.88124624,Minke Mies
0,24,14,3,26,36.07417637,24.8811634,Minke Mies
0,24,14,3,27,36.07461036,24.88102138,Minke Mies
0,24,14,3,27,36.07486844,24.88094076,Minke Mies
0,24,14,3,27,36.07517487,24.88086122,Minke Mies
0,24,14,3,27,36.07520032,24.8805152,Minke Mies
0,24,14,3,27,36.07522072,24.880238,Minke Mies
0,24,14,3,27,36.07524116,24.87971125,Minke Mies
0,24,14,3,27,36.07524078,24.87936649,Minke Mies
0,24,14,3,27,36.0752169,24.87905414,Minke Mies
0,24,14,3,27,36.07520365,24.87862236,Minke Mies
0,24,14,3,28,36.07517248,24.8782128,Minke Mies
0,24,14,3,28,36.07515141,24.87775161,Minke Mies
0,24,14,3,28,36.07518345,24.87739847,Minke Mies
0,24,14,3,28,36.07517019,24.8770507,Minke Mies
0,24,14,3,28,36.07519672,24.87673895,Minke Mies
0,24,14,3,28,36.07522074,24.8764662,Minke Mies
0,24,14,3,28,36.07525822,24.87617493,Minke Mies
0,24,14,3,28,36.07526306,24.87593014,Minke Mies
0,24,14,3,28,36.07524095,24.8757162,Minke Mies
0,24,14,3,29,36.07526343,24.87546086,Minke Mies
0,24,14,3,29,36.07522305,24.8750384,Minke Mies
0,24,14,3,29,36.07523334,24.87477776,Minke Mies
0,24,14,3,29,36.07537382,24.87469175,Minke Mies
0,24,14,3,29,36.0757913,24.87469389,Minke Mies
0,24,14,3,29,36.07613465,24.87470783,Minke Mies
0,24,14,3,29,36.07625835,24.8745348,Minke Mies
0,24,14,3,29,36.07621892,24.87420724,Minke Mies
0,24,14,3,29,36.07620252,24.87385344,Minke Mies
0,24,14,3,29,36.07615474,24.87360108,Minke Mies
0,24,14,3,30,36.07616618,24.87331894,Minke Mies
0,24,14,3,30,36.07633167,24.87314827,Minke Mies
0,24,14,3,30,36.07662573,24.87311667,Minke Mies
0,24,14,3,30,36.07706831,24.87307582,Minke Mies
0,24,14,3,30,36.07713543,24.87291827,Minke Mies
0,24,14,3,30,36.07714255,24.87266918,Minke Mies
0,24,14,3,30,36.07712187,24.87239752,Minke Mies
0,24,14,3,30,36.07714663,24.87215653,Minke Mies
0,24,14,3,30,36.0771508,24.87184942,Minke Mies
0,24,14,3,30,36.07711996,24.87155911,Minke Mies
0,24,14,3,31,36.07734546,24.87147489,Minke Mies
0,24,14,3,31,36.07769318,24.87148427,Minke Mies
0,24,14,3,31,36.07805113,24.87143654,Minke Mies
0,24,14,3,31,36.07821409,24.87153748,Minke Mies
0,24,14,3,31,36.07821334,24.87202824,Minke Mies
