,carID,h,m,lat,long,name,L1,L2
0,2,8,2,36.08548635,24.8604054,Lars Azada,3.158971399999654,2.3949202673967327
0,2,8,3,36.08514975,24.85764615,Lars Azada,3.2739786499998473,2.4347089047523953
0,2,8,4,36.08427292,24.85545065,Lars Azada,3.328948349999635,2.439535237807081
0,2,8,5,36.08297414,24.85384868,Lars Azada,3.3295180799998363,2.4132445936771942
0,2,8,6,36.08270326,24.85098913,Lars Azada,3.4533832300001386,2.47767067766077
0,2,8,18,36.0818208,24.85093011,Lars Azada,3.403327610000076,2.436325165047637
0,2,8,19,36.08087816,24.85322039,Lars Azada,3.234545489999743,2.325287731333142
0,2,8,20,36.07981739,24.85494946,Lars Azada,3.0861748600000496,2.225034787816994
0,2,8,21,36.07936103,24.85769092,Lars Azada,2.9244617200000143,2.129829676662427
0,2,8,22,36.07802977,24.85935023,Lars Azada,2.7632799299999355,2.0196105494561745
0,2,8,23,36.07803158,24.86232348,Lars Azada,2.617699279999961,1.9501548834249336
0,2,8,24,36.07670557,24.86450427,Lars Azada,2.4312799699999523,1.8320929674825914
0,2,8,25,36.07456746,24.86572132,Lars Azada,2.2433579199998235,1.6906232384680837
0,2,8,26,36.07249592,24.86669,Lars Azada,2.0716002000000913,1.55790447293282
0,2,8,27,36.07080691,24.86817737,Lars Azada,1.8973784699999534,1.435403619904601
0,2,8,28,36.0696218,24.8700914,Lars Azada,1.7324843999999473,1.333317700713794
0,2,8,29,36.06943834,24.8730935,Lars Azada,1.5743738999998165,1.2754870188856526
0,2,8,30,36.06834475,24.87525297,Lars Azada,1.4029444700000937,1.186535061418088
0,2,8,31,36.06633872,24.87642263,Lars Azada,1.2252693299997475,1.0575099898964646
0,2,8,32,36.0634366,24.87646962,Lars Azada,1.0488396200000096,0.8860773150710678
0,2,8,33,36.06037166,24.87616541,Lars Azada,0.8798495100000636,0.7110612513922643
0,2,8,34,36.05747801,24.87616406,Lars Azada,0.7062966599997083,0.5463353294382202
0,2,8,35,36.05442109,24.87619335,Lars Azada,0.5214462499997552,0.38021791353343937
0,2,8,36,36.05194443,24.87700166,Lars Azada,0.333239459999799,0.23616063964548387
0,2,8,37,36.05152475,24.87957909,Lars Azada,0.1817645899998439,0.15533414074537932
0,2,8,38,36.04853069,24.87956852,Lars Azada,0.05679612000024292,0.040204248194986
0,2,8,48,36.04803206,24.8795654,Lars Azada,0.08686680000034741,0.06434928444946271
0,2,12,5,36.04802358,24.87957499,Lars Azada,0.08690569000035353,0.06458511314004603
0,2,12,6,36.05103971,24.87726388,Lars Azada,0.2661074799997394,0.1886546458185182
0,2,12,7,36.05546946,24.87616959,Lars Azada,0.5855126899997849,0.43592852585977404
0,2,12,8,36.05610946,24.87145048,Lars Azada,0.8551490800000323,0.604681722220854
0,2,12,9,36.05663168,24.86677875,Lars Azada,1.1153970499999843,0.800965459949853
0,2,12,10,36.05662493,24.86137714,Lars Azada,1.3796709399998939,1.028935382459606
0,2,12,11,36.05859761,24.85785666,Lars Azada,1.6705352599999266,1.236452129915817
0,2,12,12,36.06203439,24.85617904,Lars Azada,1.958945439999944,1.4127363597754738
0,2,12,13,36.0620637,24.85101208,Lars Azada,2.213885080000093,1.630356952489391
0,2,13,24,36.06347906,24.85101808,Lars Azada,2.2985126799998845,1.6726462813243304
0,2,13,25,36.06206407,24.85491125,Lars Azada,2.022847949999779,1.4657971246251582
0,2,13,26,36.05859193,24.85678817,Lars Azada,1.7225504699997671,1.2828385799749578
0,2,13,27,36.05664258,24.86026003,Lars Azada,1.4354683300000772,1.0786636304443928
0,2,13,28,36.05668138,24.86541218,Lars Azada,1.185340979999964,0.858303920464048
0,2,13,29,36.05665867,24.87085272,Lars Azada,0.9173919199998402,0.6486996375060264
0,2,13,30,36.05571853,24.87506127,Lars Azada,0.6547645699999372,0.4755604317567219
0,2,13,31,36.05194207,24.87688022,Lars Azada,0.33904842000006497,0.24001559955359147
0,2,13,32,36.04933159,24.87957696,Lars Azada,0.050279359999933604,0.036037334485762074
0,2,17,31,36.04802128,24.87957174,Lars Azada,0.08720294000020701,0.06478052743785193
0,2,17,32,36.05104716,24.87735588,Lars Azada,0.26204648000012654,0.1855677412384168
0,2,17,33,36.05546262,24.87618117,Lars Azada,0.5845348699999882,0.435306726512713
0,2,17,34,36.06072657,24.87622277,Lars Azada,0.8983334700000043,0.7308006848672413
0,2,17,35,36.06601934,24.87642701,Lars Azada,1.205891909999714,1.0386064281125882
0,2,17,36,36.06927214,24.87433956,Lars Azada,1.5033449600001099,1.2505370561223992
0,2,17,37,36.06965425,24.86910587,Lars Azada,1.7827223699999522,1.3537411020428571
0,2,17,38,36.07272184,24.86667502,Lars Azada,2.085889419999969,1.5704995909177601
0,2,17,39,36.07649224,24.86496184,Lars Azada,2.396059239999971,1.811136633986991
0,2,17,40,36.07914875,24.86166879,Lars Azada,2.7168092900000467,2.0244535362382163
0,2,17,41,36.08422138,24.86141102,Lars Azada,3.033797820000146,2.305621566091567
0,2,18,47,36.08546304,24.86042883,Lars Azada,3.1564247299999515,2.3931768569348213
0,2,18,48,36.08120838,24.85898831,Lars Azada,2.9717306099998595,2.1946510701847477
0,2,18,49,36.0776193,24.8576877,Lars Azada,2.8201157000000663,2.0411948193157405
0,2,20,10,36.07662806,24.85757921,Lars Azada,2.765957309999724,1.9943356267558336
0,2,20,11,36.08046023,24.85909942,Lars Azada,2.921397219999932,2.152589283592611
0,2,20,12,36.08449264,24.86036957,Lars Azada,3.101104469999978,2.3412441958444914
0,3,7,55,36.08665931,24.85766744,Felix Balas,3.363509040000018,2.515315106946983
0,3,7,56,36.08424381,24.85819782,Felix Balas,3.192590419999682,2.3740044933316975
0,3,7,57,36.08186661,24.85909858,Felix Balas,3.005821179999785,2.227014287557691
0,3,7,58,36.08056369,24.86075713,Felix Balas,2.8463770299998323,2.1203672300347107
0,3,7,59,36.07853586,24.86169349,Felix Balas,2.678825590000045,1.991092861210337
0,3,8,0,36.07752095,24.86391263,Felix Balas,2.509193129999865,1.888670880139559
0,3,8,1,36.07564132,24.86579384,Felix Balas,2.304236040000152,1.7479013367857088
0,3,8,2,36.07334329,24.86643978,Felix Balas,2.1347031799997183,1.6091813204901655
0,3,8,3,36.07177207,24.86815549,Felix Balas,1.9563601900000407,1.488846333351597
0,3,8,4,36.06964259,24.86904643,Felix Balas,1.7849353299999287,1.3542702605429113
0,3,8,5,36.06956607,24.8719794,Felix Balas,1.6366285999999164,1.2986932687423736
0,3,8,6,36.06897724,24.87473542,Felix Balas,1.4662538200000483,1.2289661931808098
0,3,8,7,36.06748622,24.8763247,Felix Balas,1.298917899999811,1.1261689647366078
0,3,8,8,36.064525,24.87639247,Felix Balas,1.1179239700001702,0.9508195641737244
0,3,8,9,36.06155796,24.87628442,Felix Balas,0.9451960199999796,0.7782674211977619
0,3,8,10,36.05853916,24.87619811,Felix Balas,0.7682972100000249,0.60563593980483
0,3,8,11,36.05555019,24.87620861,Felix Balas,0.5884445099998601,0.43941001686406583
0,3,8,12,36.05259566,24.87652973,Felix Balas,0.3954378299999419,0.28091851315366956
0,3,8,13,36.05192106,24.87890755,Felix Balas,0.23844864999975357,0.18696016285929054
0,3,8,14,36.04961668,24.87957037,Felix Balas,0.06770766999992262,0.04824830312694657
0,3,12,11,36.04802926,24.87956615,Felix Balas,0.08699805000027183,0.0644811235921549
0,3,12,12,36.05014783,24.88375555,Felix Balas,0.24539674999981642,0.18887722674876492
0,3,12,13,36.05035723,24.89290402,Felix Balas,0.706235779999961,0.6291562886322163
0,3,12,14,36.053003,24.90051604,Felix Balas,1.2379709599995792,1.0254945759894496
0,3,13,54,36.05573496,24.90246559,Felix Balas,1.4974165099998658,1.1649698382616833
0,3,13,55,36.05150946,24.89859988,Felix Balas,1.0544667199996525,0.9154667432643656
0,3,13,56,36.05035124,24.88974413,Felix Balas,0.5510417699996815,0.47603015785220193
0,3,13,57,36.04992989,24.88115114,Felix Balas,0.10470425999988464,0.07431268260456991
0,3,17,44,36.04802207,24.87957659,Felix Balas,0.08691789000013017,0.06463018752577948
0,3,17,45,36.05102548,24.87735123,Felix Balas,0.26097352999998336,0.18487216217000585
0,3,17,46,36.05553772,24.87620632,Felix Balas,0.5878085199996548,0.4387888258247628
0,3,17,47,36.06070288,24.87621114,Felix Balas,0.8974819400000378,0.7295817017530722
0,3,17,48,36.06587857,24.87640508,Felix Balas,1.1985202800000003,1.0304864892786405
0,3,17,49,36.06930594,24.87406227,Felix Balas,1.518960169999918,1.2556829306953334
0,3,17,50,36.06964123,24.86909749,Felix Balas,1.7823517899999715,1.3531900387759377
0,3,17,51,36.07273581,24.86666838,Felix Balas,2.0870529799997684,1.5713968538277017
0,3,17,52,36.07648249,24.86495373,Felix Balas,2.3958716299997214,1.8107671448628313
0,3,17,53,36.0791984,24.86167266,Felix Balas,2.7195986600000914,2.027032591248383
0,3,17,54,36.08192372,24.85906314,Felix Balas,3.0109843399998617,2.2308554701336596
0,3,17,55,36.08597359,24.85766552,Felix Balas,3.322459919999975,2.4784451906386535
0,7,7,19,36.08443316,24.86420454,Isande Borrasca,2.909622140000149,2.266453961832226
0,7,7,20,36.08144628,24.86420897,Isande Borrasca,2.7301922700000176,2.099093828518935
0,7,7,21,36.07854469,24.8640343,Isande Borrasca,2.5646556999999817,1.9420976540592076
0,7,7,22,36.07571371,24.86406753,Isande Borrasca,2.393168630000069,1.7875806041683342
0,7,7,46,36.07332855,24.86417144,Isande Borrasca,2.244967439999897,1.6579643365277539
0,7,7,47,36.07145548,24.86552029,Isande Borrasca,2.0664895899998044,1.5276931343970257
0,7,7,48,36.07052512,24.86755832,Isande Borrasca,1.91080451999985,1.4328204089666603
0,7,7,49,36.069632,24.8697389,Isande Borrasca,1.7503688999997635,1.340380226609839
0,7,7,50,36.06947384,24.87269805,Isande Borrasca,1.5958809499999411,1.282935385596344
0,7,7,51,36.06837717,24.87487194,Isande Borrasca,1.4235601399998785,1.1923688275451991
0,7,7,52,36.06678102,24.87640568,Isande Borrasca,1.2526378799998916,1.0837948469430152
0,7,7,53,36.06375344,24.87641265,Isande Borrasca,1.0706415499999338,0.9052570928505355
0,7,7,54,36.06085494,24.8762301,Isande Borrasca,0.9056764999998066,0.7381362096094937
0,7,7,55,36.05776845,24.87620182,Isande Borrasca,0.7218728199998452,0.5619863890503236
0,7,7,56,36.05481049,24.87621041,Isande Borrasca,0.5439743100000598,0.40004439716820434
0,7,7,57,36.05195336,24.87662887,Isande Borrasca,0.3520419699997994,0.24895179268489978
0,7,7,58,36.05184178,24.87959371,Isande Borrasca,0.2000700099996351,0.17393482453501286
0,7,7,59,36.04889157,24.87957629,Isande Borrasca,0.03476259000010984,0.029834318379175016
0,7,12,9,36.04802213,24.87957274,Isande Borrasca,0.08710294000020014,0.06471279066929739
0,7,12,10,36.05013677,24.88393171,Isande Borrasca,0.25336498999984514,0.19668649785446668
0,7,12,11,36.05034676,24.892738,Isande Borrasca,0.6974725999996565,0.6210093445805055
0,7,12,12,36.05292149,24.90049863,Isande Borrasca,1.2322272700000312,1.0235249828398496
0,7,13,18,36.05574295,24.90247681,Isande Borrasca,1.4984456899999365,1.1656520589956296
0,7,13,19,36.0514341,24.89846653,Isande Borrasca,1.0434109699999112,0.9082801370303137
0,7,13,20,36.0503368,24.88987492,Isande Borrasca,0.5565840799996202,0.4821971615504115
0,7,13,21,36.04993378,24.88115352,Isande Borrasca,0.10505428000008621,0.07456639621572148
0,7,17,41,36.04803098,24.87957632,Isande Borrasca,0.08639652000011111,0.06416028011906111
0,7,17,42,36.05103311,24.87734943,Isande Borrasca,0.26151952999990513,0.18524200889950732
0,7,17,43,36.05545281,24.87619632,Isande Borrasca,0.5832039199999173,0.4344474101639244
0,7,17,44,36.06071286,24.87622784,Isande Borrasca,0.8972624400001408,0.72994166058126
0,7,17,45,36.06587453,24.87643677,Isande Borrasca,1.1967250699999745,1.029970726829507
0,7,17,46,36.0693143,24.87431627,Isande Borrasca,1.507015769999981,1.2532606950958503
0,7,17,47,36.06964763,24.86910362,Isande Borrasca,1.7824354199998105,1.3534213739903738
0,7,17,48,36.07281255,24.86667156,Isande Borrasca,2.091501560000019,1.5755087086974346
0,7,17,49,36.07651459,24.86492478,Isande Borrasca,2.3992161800000993,1.8131065376627764
0,7,17,50,36.08101799,24.86426442,Isande Borrasca,2.7017778199998226,2.0742472465477655
0,7,19,22,36.08446925,24.86423115,Isande Borrasca,2.910483649999879,2.2680368467798155
0,7,19,23,36.07914197,24.8641929,Isande Borrasca,2.592721100000091,1.97178272686109
0,7,19,24,36.07667244,24.86109388,Isande Borrasca,2.5964012800001726,1.9064405862361287
0,7,21,7,36.07663871,24.85762454,Isande Borrasca,2.764375139999782,1.9936351980841445
0,7,21,8,36.07664449,24.86288502,Isande Borrasca,2.50695841999989,1.8634728853324571
0,7,21,9,36.08092691,24.86425838,Isande Borrasca,2.6966089800001107,2.0692956844782033
0,9,7,15,36.08424703,24.85639602,Axel Calzas,3.2810718200000224,2.4155044199400373
0,9,7,16,36.08368891,24.85396162,Axel Calzas,3.366870219999896,2.4466869039667074
0,9,7,17,36.08277251,24.85188191,Axel Calzas,3.4137920099998347,2.4561092803360287
0,9,8,10,36.07456615,24.8657068,Axel Calzas,2.2439907999999953,1.6908500549097363
0,9,8,11,36.0724271,24.86668425,Axel Calzas,2.0677527499999115,1.5542858733582852
0,9,8,12,36.07080066,24.86817621,Axel Calzas,1.8970603100000503,1.4350848078004341
0,9,8,13,36.06961757,24.87013584,Axel Calzas,1.7300530399998415,1.3322764136454852
0,9,8,14,36.06945079,24.87311257,Axel Calzas,1.574186469999784,1.2759521113895238
0,9,8,15,36.068375,24.8753319,Axel Calzas,1.4008919000001612,1.1875333065989284
0,9,8,16,36.06640882,24.87639474,Axel Calzas,1.2308419399999657,1.0618897151268787
0,9,8,17,36.06338391,24.87648198,Axel Calzas,1.0450725799997969,0.8828588972528318
0,9,8,18,36.0604741,24.87617037,Axel Calzas,0.8857528699999229,0.7169038214334299
0,9,8,19,36.05747777,24.87620926,Axel Calzas,0.7040674599998518,0.5455290464331146
0,9,8,20,36.05445399,24.87617802,Axel Calzas,0.5241714199998064,0.3822978448203852
0,9,8,21,36.05192555,24.87701007,Axel Calzas,0.3316945699998861,0.2350371143513798
0,9,8,22,36.05152129,24.87959146,Axel Calzas,0.1809508599997045,0.1550172999681977
0,9,8,23,36.04846856,24.87956839,Axel Calzas,0.06053029000002752,0.04280822254770208
0,9,12,18,36.04802149,24.87957162,Axel Calzas,0.08719622000040772,0.06477199967878268
0,9,12,19,36.05104436,24.8773577,Axel Calzas,0.2617892999998013,0.18538918804989993
0,9,12,20,36.0554735,24.87618958,Axel Calzas,0.5847755799998815,0.43570508128295776
0,9,12,21,36.05605474,24.87144609,Axel Calzas,0.8520809899999904,0.6025169087657049
0,9,12,22,36.05665352,24.86673393,Axel Calzas,1.1189036299998385,0.8035162236992136
0,9,12,23,36.05663432,24.86149894,Axel Calzas,1.3742661399999285,1.0238486808559004
0,9,12,24,36.0585417,24.85812236,Axel Calzas,1.6541613599999074,1.2233756839098917
0,9,12,25,36.06209162,24.8562607,Axel Calzas,1.958377899999732,1.4113187351126453
0,9,12,26,36.06566108,24.85447875,Axel Calzas,2.2598610499998912,1.608373055525663
0,9,13,50,36.06296059,24.85510715,Axel Calzas,2.067040050000177,1.4873550241940172
0,9,13,51,36.05902872,24.85657645,Axel Calzas,1.7591321500000277,1.3040200683035978
0,9,13,52,36.05665498,24.85963653,Axel Calzas,1.4667638299998025,1.1066885144870047
0,9,13,53,36.0566527,24.86487228,Axel Calzas,1.2100752799999626,0.8798139839531737
0,9,13,54,36.05663797,24.86997941,Axel Calzas,0.9589421099997892,0.6786707884077102
0,9,13,55,36.05575617,24.87453249,Axel Calzas,0.6829331900000568,0.4915736047016867
0,9,13,56,36.05235528,24.876536,Axel Calzas,0.38070779999987536,0.269739276656534
0,9,13,57,36.05012811,24.87957763,Axel Calzas,0.09803773000009386,0.0747371683103188
0,9,17,10,36.06962141,24.86909105,Axel Calzas,1.781478150000055,1.3522274996193935
0,9,17,11,36.0727383,24.86666465,Axel Calzas,2.0873851499997436,1.5716093374418278
0,9,17,12,36.076487,24.86494404,Axel Calzas,2.396617039999885,1.8112093236823736
0,9,17,13,36.0791455,24.86171958,Axel Calzas,2.714125580000136,2.0231655652296556
0,9,17,14,36.08193872,24.8590905,Axel Calzas,3.010543699999687,2.23103175865096
0,9,17,15,36.08432022,24.85638029,Axel Calzas,3.2862339900000244,2.419723368435348
0,11,7,36,36.08417013,24.85896842,Gustav Cazar,3.1504102199997313,2.353149289393734
0,11,7,37,36.0842459,24.85575632,Gustav Cazar,3.3123493199998144,2.43072055706737
0,11,7,38,36.08344489,24.85378664,Gustav Cazar,3.3608030400001248,2.4387727412914972
0,11,7,39,36.08276981,24.85157099,Gustav Cazar,3.4288650900000945,2.464607615286159
0,11,7,59,36.08181566,24.85086882,Gustav Cazar,3.4060224199997826,2.4378435805914878
0,11,8,0,36.08084219,24.85295473,Gustav Cazar,3.245404629999811,2.3309359761698785
0,11,8,1,36.07974976,24.85491372,Gustav Cazar,3.083868319999887,2.2226366714202763
0,11,8,2,36.07938824,24.85757101,Gustav Cazar,2.9319699099998857,2.134270312108351
0,11,8,3,36.07804321,24.859318,Gustav Cazar,2.7656655999998314,2.021104605912064
0,11,8,4,36.07806164,24.86230178,Gustav Cazar,2.6205661800000435,1.9522438117980725
0,11,8,5,36.07667788,24.86451033,Gustav Cazar,2.429321629999741,1.8304601271523462
0,11,8,6,36.07457013,24.86570842,Gustav Cazar,2.2441502199997636,1.6910335772291232
0,11,8,7,36.0724837,24.8666758,Gustav Cazar,2.0715627999999136,1.5575358873362317
0,11,8,8,36.07071335,24.86819001,Gustav Cazar,1.891145509999859,1.4300298132787421
0,11,8,9,36.06961779,24.87010748,Gustav Cazar,1.7314558799999915,1.332802401170806
0,11,8,10,36.06942732,24.87312507,Gustav Cazar,1.572165770000062,1.27443058986101
0,11,8,11,36.06834599,24.87522939,Gustav Cazar,1.404174289999709,1.1868432880136248
0,11,8,12,36.06640787,24.87643152,Gustav Cazar,1.2289827199998378,1.0615206821310232
0,11,8,13,36.06346073,24.87646526,Gustav Cazar,1.050501060000098,0.8875381754829588
0,11,8,14,36.0603308,24.87617968,Gustav Cazar,0.8766986800000893,0.7085118914539964
0,11,8,15,36.0574601,24.87619466,Gustav Cazar,0.7037226599999578,0.544794222931794
0,11,8,16,36.05444227,24.87618145,Gustav Cazar,0.5233001500000505,0.38160789141482415
0,11,8,17,36.05192782,24.87700705,Gustav Cazar,0.331978750000129,0.23523709931446724
0,11,8,18,36.05151805,24.87957935,Gustav Cazar,0.18134984999982606,0.15493692517233204
0,11,8,19,36.04851877,24.87957603,Gustav Cazar,0.05714333000017646,0.04042140806145976
0,11,12,4,36.04802867,24.87956943,Gustav Cazar,0.08687273000014883,0.06443834180702343
0,11,12,5,36.05068841,24.87524304,Gustav Cazar,0.34405063999984264,0.2624596753911253
0,11,12,6,36.05194348,24.87113454,Gustav Cazar,0.6206713399998378,0.4772911484516231
0,11,13,59,36.0519273,24.87081056,Gustav Cazar,0.635575560000138,0.49171080107444015
0,11,14,0,36.05102599,24.87519957,Gustav Cazar,0.3664354699999137,0.27290464668049325
0,11,14,1,36.04835379,24.87957709,Gustav Cazar,0.06699019000011575,0.047739720093199385
0,11,17,25,36.04802925,24.87957311,Gustav Cazar,0.08665761000030514,0.06432457749290688
0,11,17,26,36.05104594,24.87733229,Gustav Cazar,0.26312919000010737,0.18638115599752908
0,11,17,27,36.05552487,24.87617324,Gustav Cazar,0.5886584399998824,0.4388197189394072
0,11,17,28,36.06081724,24.87618212,Gustav Cazar,0.9057655199998784,0.7365743831035275
0,11,17,29,36.06591126,24.8764,Gustav Cazar,1.2007305999999112,1.0324607448015155
0,11,17,30,36.06931055,24.87432952,Gustav Cazar,1.506141519999769,1.2528930917830534
0,11,17,31,36.06963323,24.86902344,Gustav Cazar,1.7855002400000046,1.3542103736781077
0,11,17,32,36.07272279,24.86667769,Gustav Cazar,2.0858155899999637,1.5704961885055313
0,11,17,33,36.07650211,24.8649494,Gustav Cazar,2.3972609999998937,1.8119272622383313
0,11,17,34,36.07916612,24.86166644,Gustav Cazar,2.7179666399996876,2.025436948235257
0,11,17,35,36.08214672,24.8591039,Gustav Cazar,3.0223670999997125,2.2417979733687585
0,11,19,13,36.08413628,24.85904647,Gustav Cazar,3.1445547700001306,2.349639575558917
0,11,19,14,36.07888983,24.8591085,Gustav Cazar,2.826728299999939,2.070188270166286
0,11,20,35,36.07664367,24.85756408,Gustav Cazar,2.7676352800001176,1.9955262201672375
0,11,20,36,36.08045856,24.85910597,Gustav Cazar,2.9209760699996465,2.1523474046544995
0,11,20,41,36.08419069,24.85897676,Gustav Cazar,3.1512351599998674,2.354075814554556
0,14,7,1,36.06337244,24.8961727,Lidelse Dedos,1.6473136999999696,1.166183710792686
0,14,7,2,36.06306326,24.89365675,Lidelse Dedos,1.5054813499998723,1.0724806461695238
0,14,7,3,36.06314327,24.89092817,Lidelse Dedos,1.3765815299995943,0.9997894136408131
0,14,7,4,36.06316444,24.8878793,Lidelse Dedos,1.2284570999999573,0.9309264763059228
0,14,7,43,36.06363089,24.88593688,Lidelse Dedos,1.1612655199996915,0.92316593720676
0,14,7,44,36.06157308,24.88477422,Lidelse Dedos,0.9808265799999667,0.7883622238056515
0,14,7,45,36.06056257,24.88246239,Lidelse Dedos,0.8069163099999415,0.703816002142356
0,14,7,46,36.0577309,24.88242275,Lidelse Dedos,0.6350737499999646,0.5363641196855731
0,14,7,47,36.05473658,24.88249875,Lidelse Dedos,0.45913854999959014,0.3635651813345863
0,14,7,48,36.0527454,24.88139768,Lidelse Dedos,0.28571531999971,0.2336168073577867
0,14,7,49,36.05138356,24.87959459,Lidelse Dedos,0.17253368999979912,0.14687342945575754
0,14,7,50,36.04837742,24.87957565,Lidelse Dedos,0.06564295000013942,0.04667279024733243
0,14,12,12,36.04803151,24.87956598,Lidelse Dedos,0.08687138000017924,0.06436533410691227
0,14,12,13,36.05104601,24.87734709,Lidelse Dedos,0.2624081899999098,0.1858425979336993
0,14,12,14,36.05555093,24.8762035,Lidelse Dedos,0.5887393000001246,0.4395606341040386
0,14,12,15,36.05609868,24.87145362,Lidelse Dedos,0.8543484199997842,0.6041156110548047
0,14,12,16,36.05665966,24.8667631,Lidelse Dedos,1.11784269999999,0.8025564740239686
0,14,12,17,36.0566744,24.86138554,Lidelse Dedos,1.3822275399998105,1.0298937055651851
0,14,12,18,36.05859057,24.85808152,Lidelse Dedos,1.6590947199999633,1.226519141752457
0,14,14,0,36.05975308,24.8580772,Lidelse Dedos,1.7290569999999157,1.2609905392586462
0,14,14,1,36.05672278,24.86047773,Lidelse Dedos,1.42961303000002,1.0711006869397284
0,14,14,2,36.05664418,24.86588213,Lidelse Dedos,1.1600814299999165,0.8377609524261724
0,14,14,3,36.05665302,24.87082927,Lidelse Dedos,0.9182019699997781,0.6492689127421924
0,14,14,4,36.05572312,24.87520197,Lidelse Dedos,0.6481456700001615,0.47220007689270616
0,14,14,5,36.05193747,24.87711639,Lidelse Dedos,0.32720008999978134,0.23217853890343604
0,14,14,6,36.04926418,24.87956706,Lidelse Dedos,0.0467198600000458,0.034264268332002884
0,14,17,40,36.04802112,24.87957662,Lidelse Dedos,0.08697342000003516,0.06468032239429285
0,14,17,41,36.05194491,24.88092732,Lidelse Dedos,0.21463828000005591,0.1815564356014965
0,14,17,42,36.05275582,24.88552327,Lidelse Dedos,0.48849442999990345,0.34633562823877284
0,14,17,43,36.05688961,24.88692261,Lidelse Dedos,0.8050894899996948,0.5782967864626709
0,14,17,44,36.05857371,24.89050197,Lidelse Dedos,1.0815241299995968,0.7663295840758415
0,14,17,45,36.06086889,24.89407274,Lidelse Dedos,1.3942026599998414,0.9861134448808057
0,14,18,47,36.06338602,24.89613229,Lidelse Dedos,1.6461484100000057,1.1654577370404469
0,14,18,48,36.06118683,24.89949081,Lidelse Dedos,1.6787644899995975,1.1966882175378901
0,14,18,49,36.05848041,24.90115573,Lidelse Dedos,1.5979603699998464,1.175453069812312
0,14,18,50,36.05461655,24.89993752,Lidelse Dedos,1.3064364799998032,1.0256808386270093
0,14,20,17,36.05443479,24.89988589,Lidelse Dedos,1.2930010099999265,1.0197416681828182
0,14,20,18,36.05850961,24.90101741,Lidelse Dedos,1.5929346899999643,1.170384639952856
0,14,20,19,36.06108257,24.89940395,Lidelse Dedos,1.6682527500000077,1.1894963032871209
0,14,20,20,36.06329473,24.89645425,Lidelse Dedos,1.656447050000029,1.1720809833458827
0,18,7,47,36.06338101,24.89610903,Birgitta Frente,1.6447080699999113,1.164470352794954
0,18,7,48,36.06305191,24.89370689,Birgitta Frente,1.5072572099997537,1.0734600819074578
0,18,7,49,36.06319505,24.890845,Birgitta Frente,1.375612999999582,1.000294983486555
0,18,7,50,36.06314903,24.88786284,Birgitta Frente,1.2267259599997082,0.9297543141260979
0,18,8,2,36.06367023,24.88586928,Birgitta Frente,1.1603135199998462,0.9244083329714405
0,18,8,3,36.06154422,24.88462,Birgitta Frente,0.9715381999999941,0.7845717015080306
0,18,8,4,36.06063929,24.88254016,Birgitta Frente,0.8153302399997138,0.7089737843401688
0,18,8,5,36.05772726,24.88243503,Birgitta Frente,0.6354570699997986,0.5362743085967897
0,18,8,6,36.05474745,24.88247796,Birgitta Frente,0.4587720399998041,0.36386741044165044
0,18,8,7,36.05275472,24.88140662,Birgitta Frente,0.28671257999997124,0.23426981448883516
0,18,8,8,36.05132478,24.87956623,Birgitta Frente,0.17039653000010802,0.14369703564830538
0,18,8,9,36.04838039,24.8795696,Birgitta Frente,0.06576120000029917,0.046722082838212296
0,18,12,8,36.04802867,24.87956922,Birgitta Frente,0.08688302000012982,0.06444308085140836
0,18,12,9,36.05014198,24.883779,Birgitta Frente,0.24619479999978822,0.18981606933398162
0,18,12,10,36.05036032,24.89275278,Birgitta Frente,0.6990104199999045,0.6218349279176688
0,18,12,11,36.05315158,24.90060693,Birgitta Frente,1.2513393699996094,1.0319486066553567
0,18,14,15,36.0557492,24.90252119,Birgitta Frente,1.5009953099999436,1.1678213199244718
0,18,14,16,36.05149973,24.89868607,Birgitta Frente,1.0581062300000035,0.9195358837428048
0,18,14,17,36.05038435,24.88987171,Birgitta Frente,0.5592797899999624,0.482531426586559
0,18,14,18,36.04992966,24.88116459,Birgitta Frente,0.10534950999963755,0.07472807694519623
0,18,14,20,36.0480323,24.87956647,Birgitta Frente,0.0867999700000226,0.06431220458762842
0,18,17,38,36.04802115,24.87956905,Birgitta Frente,0.08734255000036484,0.06484771347119984
0,18,17,39,36.05194692,24.88091232,Birgitta Frente,0.21402387999974337,0.18152681262421247
0,18,17,40,36.05276525,24.88553726,Birgitta Frente,0.48974573999979043,0.3472242523146194
0,18,17,41,36.05682379,24.88692565,Birgitta Frente,0.8012892499998934,0.5751468036459219
0,18,17,42,36.05854612,24.89049282,Birgitta Frente,1.0794203799998883,0.7647907225398605
0,18,17,43,36.06110027,24.8941959,Birgitta Frente,1.4141202999996167,1.000335442756428
0,18,18,52,36.06342514,24.8961069,Birgitta Frente,1.6472514999997543,1.1663662935440817
0,18,18,53,36.06117405,24.89941981,Birgitta Frente,1.6745186899997542,1.1934683786708455
0,18,18,54,36.05837012,24.90123389,Birgitta Frente,1.5951728099997737,1.1756191482825609
0,18,18,55,36.05469999,24.90010123,Birgitta Frente,1.3194646700000199,1.0349065997360862
0,18,20,43,36.05445935,24.89995002,Birgitta Frente,1.2976169799998445,1.0231907723868945
0,18,20,44,36.05836285,24.90142954,Birgitta Frente,1.6043234599998435,1.1838353488298774
0,18,20,45,36.0610642,24.89935078,Birgitta Frente,1.6645452199995674,1.186760046438239
0,18,20,46,36.06332041,24.89643403,Birgitta Frente,1.6569970700000596,1.1725369489001018
0,19,7,0,36.08790765,24.85627136,Vira Frente,3.506817359999772,2.6127830788498665
0,19,7,1,36.08601993,24.85516694,Vira Frente,3.447670739999861,2.5377357014162283
0,19,7,2,36.08366021,24.85433862,Vira Frente,3.3466752199997956,2.435568453120519
0,19,7,3,36.08280823,24.85232917,Vira Frente,3.394019469999744,2.445584142086942
0,19,7,48,36.08174256,24.85087958,Vira Frente,3.4011091800000095,2.433989644642169
0,19,7,49,36.08091971,24.85303823,Vira Frente,3.2459643300001666,2.3324169959345338
0,19,7,50,36.07981775,24.85496231,Vira Frente,3.0855668099996585,2.2247030295406645
0,19,7,51,36.07939606,24.85759223,Vira Frente,2.931399329999877,2.134132083085855
0,19,7,52,36.07803472,24.85935321,Vira Frente,2.7634309099998866,2.0197930938346826
0,19,7,53,36.07803793,24.86229923,Vira Frente,2.6192685299998963,1.9510285892239878
0,19,7,54,36.07670036,24.86452674,Vira Frente,2.429866339999787,1.8313478911525516
0,19,7,55,36.07457744,24.86571245,Vira Frente,2.244391349999841,1.6913490435196654
0,19,7,56,36.07246587,24.86668238,Vira Frente,2.070170580000031,1.5564304347274511
0,19,7,57,36.07081142,24.86817486,Vira Frente,1.8977720599998271,1.435700855518847
0,19,7,58,36.06962333,24.87008137,Vira Frente,1.733067669999798,1.3335851589451162
0,19,7,59,36.06944397,24.87306442,Vira Frente,1.5761366200000992,1.2762003659326198
0,19,8,0,36.06833087,24.87528067,Vira Frente,1.400754369999806,1.185444324386288
0,19,8,1,36.06638284,24.87641587,Vira Frente,1.2282477700001486,1.0601744709505065
0,19,8,2,36.0634247,24.87644506,Vira Frente,1.0493290599997636,0.8856260486597423
0,19,8,3,36.06048824,24.87621085,Vira Frente,0.8846177499998191,0.7171800967638843
0,19,8,4,36.05744432,24.87618181,Vira Frente,0.7034055100001098,0.5441363800424333
0,19,8,5,36.05443272,24.87617328,Vira Frente,0.5231274800000101,0.38132177951088136
0,19,8,6,36.05195327,24.87703971,Vira Frente,0.33190540999991924,0.2353387720959469
0,19,8,7,36.05153825,24.87957978,Vira Frente,0.18254077999991836,0.1561234554702499
0,19,8,8,36.04852195,24.8795654,Vira Frente,0.05747340000008805,0.04067144459156825
0,19,12,5,36.0480312,24.87957483,Vira Frente,0.08645633000041997,0.06418196146450632
0,19,12,6,36.05070111,24.87527047,Vira Frente,0.3434685699998248,0.2615222177105005
0,19,12,7,36.05191024,24.87113813,Vira Frente,0.6185010299998766,0.4763887422718399
0,19,13,40,36.05196407,24.87081862,Vira Frente,0.6373868199996622,0.49214006469985644
0,19,13,41,36.05102321,24.87518124,Vira Frente,0.36716683999973654,0.2736326165497999
0,19,13,42,36.04834964,24.87957741,Vira Frente,0.06722351000034976,0.04792697845507472
0,19,17,53,36.04802971,24.87957192,Vira Frente,0.0866883200001034,0.06432681673777255
0,19,17,54,36.05102039,24.87736008,Vira Frente,0.2602344799998484,0.18434506904577838
0,19,17,55,36.05547721,24.87616201,Vira Frente,0.5863491099998086,0.4365109708399061
0,19,17,56,36.06068707,24.87621913,Vira Frente,0.8961418299999799,0.7285631174726864
0,19,17,57,36.066021,24.87639181,Vira Frente,1.2077163099998174,1.0390108045197792
0,19,17,58,36.0693084,24.87432651,Vira Frente,1.5061600099997712,1.2528012382508251
0,19,17,59,36.06964266,24.86911363,Vira Frente,1.7816467299998422,1.352951612903652
0,19,18,0,36.07273009,24.86667774,Vira Frente,2.0862511399999377,1.5708924359034397
0,19,18,1,36.07654062,24.86485017,Vira Frente,2.40443387000008,1.816038263908533
0,19,18,2,36.07918425,24.86170463,Vira Frente,2.717183129999839,2.0255728512795237
0,19,18,3,36.08456738,24.86172913,Vira Frente,3.03897043000007,2.3185534087738127
0,19,18,4,36.08780606,24.85928476,Vira Frente,3.3530653599997606,2.5444270461393366
0,19,18,13,36.08792021,24.85628193,Vira Frente,3.5070530299998524,2.6132246549556135
0,19,19,8,36.08792663,24.85628432,Vira Frente,3.5073211199998084,2.6135165818629233
0,19,19,9,36.08380093,24.85515827,Vira Frente,3.3149555700000484,2.4222143793158826
0,19,19,10,36.07862126,24.85502012,Vira Frente,3.010944719999884,2.1637524301068267
0,19,20,6,36.07526385,24.85631723,Vira Frente,2.745941729999938,1.9629776233072607
0,19,20,7,36.07919483,24.85493611,Vira Frente,3.0494754099998183,2.194441868356693
0,19,20,8,36.08441922,24.85512767,Vira Frente,3.353552369999896,2.4550315610662365
0,19,20,10,36.08783588,24.85628189,Vira Frente,3.5019951899998425,2.608702923223278
0,25,7,48,36.05946293,24.89476557,Adra Nubarron,1.3437937299999625,0.9521532759730819
0,25,7,49,36.05701859,24.89311445,Adra Nubarron,1.116228449999646,0.79656155585936
0,25,7,50,36.05469612,24.89183965,Adra Nubarron,0.9144150500000308,0.6665088219232266
0,25,8,4,36.0546826,24.88981753,Adra Nubarron,0.8145199699996972,0.5832921456720614
0,25,8,5,36.05466521,24.88678645,Adra Nubarron,0.6649536499999336,0.4703474409113131
0,25,8,6,36.05273687,24.8855988,Adra Nubarron,0.49105839999962697,0.34840816357127496
0,25,8,7,36.05283502,24.88259351,Adra Nubarron,0.34968818999998064,0.2597857846617292
0,25,8,8,36.05193317,24.88024929,Adra Nubarron,0.18071040999960175,0.1771076137742064
0,25,8,9,36.04959742,24.87956621,Adra Nubarron,0.06675590999978454,0.04746937596100667
0,25,12,31,36.04803111,24.87957476,Adra Nubarron,0.08646516000037607,0.06418833287988268
0,25,12,32,36.05069014,24.87524613,Adra Nubarron,0.34400302999991084,0.2623607985934367
0,25,12,33,36.0519614,24.87102125,Adra Nubarron,0.6272977500002028,0.48284479140321396
0,25,13,34,36.05193224,24.87076697,Adra Nubarron,0.6380078699999672,0.49381077062987705
0,25,13,35,36.05092546,24.87520747,Adra Nubarron,0.36001657000007015,0.2698986088409127
0,25,13,36,36.04834957,24.87957227,Adra Nubarron,0.06747957000021998,0.04808458493185783
0,25,17,31,36.04802567,24.87957097,Adra Nubarron,0.0869772700001441,0.06456354759810651
0,25,17,32,36.0519245,24.88092684,Adra Nubarron,0.2133901599997401,0.18035270967950723
0,25,17,33,36.05275786,24.88552157,Adra Nubarron,0.4885335299998701,0.34635265136711074
0,25,17,34,36.05594382,24.88777631,Adra Nubarron,0.7901733899999641,0.5596521675085102
0,25,17,35,36.05665706,24.89279332,Adra Nubarron,1.0788012799997055,0.7709446067688897
0,25,19,36,36.05948469,24.89486025,Adra Nubarron,1.3497386499997077,0.9565013375668374
0,25,19,37,36.05781647,24.89974813,Adra Nubarron,1.4891515699996773,1.0958162287817055
0,25,19,38,36.05444219,24.89998017,Adra Nubarron,1.2980647299999504,1.0242601696433802
0,25,19,50,36.05452649,24.89991198,Adra Nubarron,1.299781419999782,1.022728990947526
0,25,20,14,36.05447209,24.89995049,Adra Nubarron,1.2984044099995593,1.0234583523180947
0,25,20,15,36.05780476,24.89977021,Adra Nubarron,1.4895308899999904,1.0964238790650593
0,25,20,16,36.05950328,24.89483104,Adra Nubarron,1.349422759999861,0.9561610837522998
0,26,7,30,36.07301365,24.88400716,Marin Onda,1.629674839999776,1.4540744452359657
0,26,7,31,36.06999928,24.88425797,Marin Onda,1.4611023299996617,1.276808531945053
0,26,7,32,36.06693192,24.88429128,Marin Onda,1.2786929199998767,1.095719230038488
0,26,7,33,36.0653224,24.88587945,Marin Onda,1.259942049999811,1.01949083372606
0,26,7,36,36.06363464,24.88592197,Marin Onda,1.1607599299995073,0.9231570364722402
0,26,7,48,36.06371437,24.88587371,Marin Onda,1.1631789899997003,0.9269989200802657
0,26,7,49,36.06154637,24.88475037,Marin Onda,0.9780553299998758,0.7864927057055052
0,26,7,50,36.0606282,24.88254424,Marin Onda,0.8148647599996579,0.7083500807566342
0,26,7,51,36.0577335,24.88239611,Marin Onda,0.6339243899995815,0.5362503450314501
0,26,7,52,36.05475375,24.88247437,Marin Onda,0.4589741300000263,0.36417232992086296
0,26,7,53,36.05275224,24.88135487,Marin Onda,0.2840280299995577,0.23348526844529627
0,26,7,54,36.05136328,24.87958817,Marin Onda,0.1716314699996495,0.14574158989441993
0,26,7,55,36.04832623,24.87956978,Marin Onda,0.06900198000012736,0.049270566689026685
0,26,12,3,36.04802137,24.87956498,Marin Onda,0.08752878000008835,0.06492754942403815
0,26,12,4,36.05104506,24.87733982,Marin Onda,0.26270741999993774,0.18607043664252398
0,26,12,5,36.05547496,24.8761783,Marin Onda,0.5854158999998305,0.43603135915720875
0,26,12,6,36.05618574,24.87141193,Marin Onda,0.8616148299996809,0.6092569846383945
0,26,12,7,36.05664317,24.86683307,Marin Onda,1.1134247700000586,0.7991819133113766
0,26,12,8,36.05668742,24.8615397,Marin Onda,1.3754549000000225,1.02349911557223
0,26,12,9,36.05863674,24.85806143,Marin Onda,1.662849329999787,1.2286917325387654
0,26,13,37,36.05977986,24.85807315,Marin Onda,1.7308622499999053,1.261985086312017
0,26,13,38,36.05665243,24.86048214,Marin Onda,1.4251759399999848,1.069082110818334
0,26,13,39,36.0566449,24.86567575,Marin Onda,1.1702372499999854,0.8462565572428676
0,26,13,40,36.05665453,24.87082645,Marin Onda,0.9184307500001445,0.6494305999846905
0,26,13,41,36.0557228,24.87522067,Marin Onda,0.647210169999763,0.4717114116564404
0,26,13,42,36.05195397,24.87700768,Marin Onda,0.33351687999997637,0.23639799221856242
0,26,13,43,36.04925136,24.87957358,Marin Onda,0.045631179999951144,0.0336103177601456
0,26,17,40,36.04802242,24.87957097,Marin Onda,0.0871722700000781,0.06473691238733423
0,26,17,41,36.05194643,24.88090602,Marin Onda,0.213685779999917,0.1814368038100651
0,26,17,42,36.05587418,24.88247533,Marin Onda,0.5262469699999315,0.42861714563015146
0,26,17,43,36.06114835,24.88249247,Marin Onda,0.8435370299999541,0.7387606055485308
0,26,17,44,36.06633067,24.88257505,Marin Onda,1.158522649999746,1.0475424569026526
0,26,17,45,36.07114474,24.88345065,Marin Onda,1.4902712499998856,1.339416219255271
0,26,19,22,36.07300915,24.88404776,Marin Onda,1.6313942399997003,1.4540649985308003
0,26,19,23,36.0677725,24.88426514,Marin Onda,1.3278468599996067,1.1451049395891526
0,26,19,24,36.064672,24.88641396,Marin Onda,1.2471090399998346,0.9897939063954517
0,26,19,25,36.06218091,24.88948046,Marin Onda,1.2479021400000008,0.9138198992201942
0,26,19,26,36.05855587,24.891179,Marin Onda,1.113628199999809,0.7878481318202267
0,26,19,27,36.05602939,24.89506179,Marin Onda,1.1522961099997318,0.8431475535454228
0,26,19,28,36.05452663,24.89969658,Marin Onda,1.289235219999707,1.012756938445576
0,26,19,30,36.0545289,24.89986549,Marin Onda,1.2976480099998575,1.0206222736392225
0,26,21,27,36.05443889,24.89991453,Marin Onda,1.2946503699998182,1.0211497885394465
0,26,21,28,36.05606551,24.89494247,Marin Onda,1.14861663000001,0.8391899050660089
0,26,21,29,36.05852304,24.89128472,Marin Onda,1.1168386799997094,0.7899738816189209
0,26,21,30,36.0621656,24.88970959,Marin Onda,1.2582109099997574,0.9186824240103856
0,26,21,31,36.06463373,24.88655869,Marin Onda,1.2519046099996771,0.9898284163987716
0,26,21,32,36.06770938,24.88428087,Marin Onda,1.3248304299996612,1.141511981740047
0,26,21,33,36.07299106,24.88396533,Marin Onda,1.6262697699997197,1.4524668924706434
0,26,21,56,36.07299792,24.88399554,Marin Onda,1.628161659999769,1.4530650870047639
0,27,7,22,36.06931338,24.88422946,Kare Orilla,1.418551339999631,1.2359543820549257
0,27,7,23,36.06645344,24.88455794,Kare Orilla,1.2630504599996186,1.0700598010821185
0,27,7,24,36.06477859,24.88591892,Kare Orilla,1.229247480000069,0.9887018729615047
0,27,7,57,36.0636234,24.88587274,Kare Orilla,1.1576732599996369,0.9217813087467045
0,27,7,58,36.0615829,24.88471097,Kare Orilla,0.978316529999681,0.7880471325736564
0,27,7,59,36.06062435,24.88253266,Kare Orilla,0.8140663399996093,0.7080294011287249
0,27,8,0,36.05774122,24.88242032,Kare Orilla,0.6355738799996828,0.5369457291547859
0,27,8,1,36.05473411,24.88247771,Kare Orilla,0.4579593899996901,0.36310275202284287
0,27,8,2,36.05275393,24.88138904,Kare Orilla,0.285803759999812,0.23400354423504627
0,27,8,3,36.05136943,24.87958917,Kare Orilla,0.1719514700000353,0.14609371891965525
0,27,8,4,36.04837497,24.87956857,Kare Orilla,0.06613687000034574,0.04700566881099823
0,27,12,25,36.04803154,24.87957417,Kare Orilla,0.08646827000032786,0.06417865853885467
0,27,12,26,36.05102175,24.87726579,Kare Orilla,0.2649362899997705,0.18788017060246692
0,27,12,27,36.05548393,24.87617747,Kare Orilla,0.5859947700000809,0.43653053535566844
0,27,12,28,36.06072013,24.87617631,Kare Orilla,0.9002236099998377,0.7310349833414206
0,27,12,29,36.06605455,24.87637473,Kare Orilla,1.2105662299998166,1.0411409297666792
0,27,12,30,36.06929476,24.87433545,Kare Orilla,1.5049035499998062,1.2519043550419482
0,27,12,31,36.06965096,24.86908941,Kare Orilla,1.7833315099997051,1.35388363266349
0,27,12,32,36.07281177,24.8666789,Kare Orilla,2.0910950999999933,1.5753152189100272
0,27,12,33,36.07655353,24.8647821,Kare Orilla,2.4085438999998487,1.8181247454179208
0,27,12,34,36.07666487,24.85978983,Kare Orilla,2.659845530000016,1.938188994540555
0,27,14,6,36.07666109,24.85757509,Kare Orilla,2.7681409899999814,1.9960962592952602
0,27,14,7,36.07663591,24.86292127,Kare Orilla,2.5046673699998863,1.862207299531027
0,27,14,8,36.07402973,24.865706,Kare Orilla,2.21184479999992,1.6617020369822793
0,27,14,9,36.07100066,24.86817541,Kare Orilla,1.9090995100001322,1.4460557983936753
0,27,14,10,36.06952799,24.87211771,Kare Orilla,1.6275666099997075,1.2944375115684894
0,27,14,11,36.06808208,24.87632729,Kare Orilla,1.3345425900001828,1.161410134225343
0,27,14,12,36.06288529,24.87649561,Kare Orilla,1.0144875099997819,0.8534575712535898
0,27,14,13,36.05764577,24.87620141,Kare Orilla,0.7145321099999506,0.5550942889233165
0,27,14,14,36.05244864,24.87652741,Kare Orilla,0.3867303099999475,0.27424155420866925
0,27,14,15,36.05012822,24.87957263,Kare Orilla,0.09828932999986506,0.07483952811440873
0,27,17,18,36.04802311,24.87957389,Kare Orilla,0.0869877900000624,0.06463476777891916
0,27,17,19,36.05193778,24.88090746,Kare Orilla,0.21323733999995298,0.1809420303073305
0,27,17,20,36.05595694,24.88250885,Kare Orilla,0.5328550499999238,0.43383999082926433
0,27,17,21,36.06070563,24.88297589,Kare Orilla,0.8406614099999068,0.7166815260927007
0,27,17,22,36.06525652,24.88426577,Kare Orilla,1.1769189299996512,0.996832632336586
0,27,19,13,36.06929284,24.88424712,Kare Orilla,1.4181842800000304,1.23487755129328
0,27,19,14,36.06561159,24.88591538,Kare Orilla,1.2790540199999967,1.0366645604602949
0,27,19,15,36.06218621,24.88803988,Kare Orilla,1.1776317199998516,0.8810114916041186
0,27,19,16,36.05985795,24.89088058,Kare Orilla,1.1771304199999335,0.8372621520285104
0,27,19,17,36.0566263,24.89336124,Kare Orilla,1.1047837599997088,0.7923671236865539
0,27,19,18,36.05503134,24.89831867,Kare Orilla,1.2520002299996769,0.9602770804794847
0,27,19,20,36.05444168,24.89987876,Kare Orilla,1.2930650399995898,1.0195435244346707
0,27,20,52,36.05444003,24.89996334,Kare Orilla,1.2971104599998924,1.0234373784577362
0,27,20,53,36.05610639,24.89483904,Kare Orilla,1.1460013599996302,0.836075210911191
0,27,20,54,36.05855231,24.89122965,Kare Orilla,1.1158964499999726,0.7893933707389214
0,27,20,55,36.06218274,24.88972543,Kare Orilla,1.2600154699995656,0.9199626372455033
0,27,20,56,36.06465969,24.88638849,Kare Orilla,1.24512240999983,0.9887064155045403
0,27,20,57,36.06755524,24.88435266,Kare Orilla,1.3190997399996895,1.1330397852569856
0,28,7,36,36.07281755,24.87543092,Elsa Orilla,1.662592920000158,1.4489023473290548
0,28,7,37,36.07149554,24.87387731,Elsa Orilla,1.659399209999922,1.385611763554099
0,28,7,38,36.07171693,24.8718886,Elsa Orilla,1.7701294000000587,1.423242999598623
0,28,7,53,36.07200089,24.86927602,Elsa Orilla,1.9151834199997708,1.480789955549706
0,28,7,54,36.07079527,24.87239358,Elsa Orilla,1.6900857799997624,1.3632055006308992
0,28,7,55,36.06897193,24.87238817,Elsa Orilla,1.580950469999678,1.258623951486555
0,28,7,56,36.06502149,24.87265069,Elsa Orilla,1.331060589999872,1.030576564666439
0,28,7,57,36.06228516,24.87269978,Elsa Orilla,1.164475379999967,0.8782208777854921
0,28,7,58,36.06005354,24.8721674,Elsa Orilla,1.056664799999897,0.7715183037228035
0,28,7,59,36.05698177,24.87294855,Elsa Orilla,0.8340822499999199,0.5964652251522743
0,28,8,0,36.05574478,24.8753267,Elsa Orilla,0.6433334999998515,0.47019637698621936
0,28,8,1,36.05308131,24.87552599,Elsa Orilla,0.47376009000011976,0.335244913101208
0,28,17,25,36.0521831,24.87506676,Elsa Orilla,0.4423697599999947,0.3155016967088242
0,28,17,26,36.05722245,24.87655054,Elsa Orilla,0.672025539999769,0.5253563549999852
0,28,17,27,36.06148926,24.87619926,Elsa Orilla,0.9452468600000401,0.7753096263881514
0,28,17,28,36.06689178,24.87647248,Elsa Orilla,1.2560102799998383,1.0897941410326637
0,28,17,29,36.07075973,24.87545785,Elsa Orilla,1.5378041499998538,1.3269499416436392
0,28,19,7,36.0730817,24.87529953,Elsa Orilla,1.68488003000013,1.4655839153941503
0,28,19,8,36.0690022,24.87418217,Elsa Orilla,1.4948606699998699,1.2365839277365815
0,28,19,9,36.06534334,24.87245247,Elsa Orilla,1.3600843699998748,1.0520864851596265
0,28,19,10,36.06038201,24.8726721,Elsa Orilla,1.0516426999998423,0.7765420365263468
0,28,19,11,36.05588324,24.87029729,Elsa Orilla,0.8980821899999292,0.6369624396430255
0,28,19,13,36.05643643,24.86701152,Elsa Orilla,1.0922763199998826,0.7849109928904432
0,28,20,16,36.05543848,24.86629088,Elsa Orilla,1.0677106799998342,0.7828843738203304
0,28,20,17,36.05693393,24.87091572,Elsa Orilla,0.9308205199999335,0.6583976454695525
0,28,20,18,36.06179421,24.87281896,Elsa Orilla,1.129178560000053,0.849041283085289
0,28,20,19,36.06597577,24.87379925,Elsa Orilla,1.332037949999954,1.066413938986358
0,28,20,20,36.07017879,24.87384122,Elsa Orilla,1.5821626199999592,1.3091273525809894
0,33,7,41,36.06245993,24.89887003,Brand Tempestad,1.724732270000029,1.2219312606421635
0,33,7,42,36.06078236,24.89922232,Brand Tempestad,1.641340279999639,1.1714855289345059
0,33,7,43,36.05890208,24.89989649,Brand Tempestad,1.5615578099999574,1.1349479696792242
0,33,7,44,36.05786834,24.90217641,Brand Tempestad,1.6112494899996896,1.2027112295797127
0,33,7,45,36.05546592,24.90058511,Brand Tempestad,1.3891305900000646,1.0730979339922138
0,33,7,59,36.05404633,24.90119508,Brand Tempestad,1.3338437199997486,1.0738704081565997
0,33,8,0,36.0514717,24.89856511,Brand Tempestad,1.0504973899998191,0.9134133390851552
0,33,8,1,36.05033758,24.89285002,Brand Tempestad,0.7024107799996777,0.6263790566613233
0,33,8,2,36.05025583,24.8868258,Brand Tempestad,0.40231899999967524,0.33473166119238
0,33,8,3,36.04994647,24.88115706,Brand Tempestad,0.10598913999989179,0.07526189897758799
0,33,8,4,36.04856911,24.87957131,Brand Tempestad,0.05435421000008134,0.03858426710229236
0,33,12,17,36.04802857,24.87957581,Brand Tempestad,0.08656611000029102,0.06430032159299207
0,33,12,18,36.05104558,24.87735376,Brand Tempestad,0.2620555600000216,0.18558182137382723
0,33,12,19,36.05548511,24.87621081,Brand Tempestad,0.5844319099998891,0.43586330801805667
0,33,12,20,36.05621498,24.87143032,Brand Tempestad,0.8624681199998392,0.6098694091388444
0,33,12,21,36.05663374,24.86682169,Brand Tempestad,1.1134165900001456,0.7993130125815207
0,33,12,22,36.05667372,24.86151097,Brand Tempestad,1.3760406699998136,1.0243846873338507
0,33,12,23,36.05860742,24.85784163,Brand Tempestad,1.6718603300000332,1.2373781691088992
0,33,12,24,36.06206108,24.85609898,Brand Tempestad,1.964469779999952,1.4168893497951995
0,33,12,25,36.06205761,24.8510449,Brand Tempestad,2.2119114999996405,1.6287715560780733
0,33,13,42,36.06346181,24.85102335,Brand Tempestad,2.297219449999986,1.6718876531399516
0,33,13,43,36.06209379,24.85491172,Brand Tempestad,2.0246081199998223,1.4667333519733683
0,33,13,44,36.0585378,24.85670639,Brand Tempestad,1.7233098900001593,1.284967033645868
0,33,13,45,36.05667512,24.86023677,Brand Tempestad,1.4385604699999917,1.0805274237604423
0,33,13,46,36.0567058,24.86550163,Brand Tempestad,1.1824231300000783,0.8554060486972277
0,33,13,47,36.05663071,24.8707675,Brand Tempestad,0.919890099999968,0.6504621348295233
0,33,13,48,36.05573054,24.8750986,Brand Tempestad,0.6536559999998062,0.47521303666309667
0,33,13,49,36.0519264,24.8768536,Brand Tempestad,0.3394125999998572,0.24020257221334754
0,33,13,50,36.04941188,24.87957296,Brand Tempestad,0.05529275999993999,0.03918566283525972
0,33,17,19,36.04802138,24.87957202,Brand Tempestad,0.08718322000004619,0.06476892867483328
0,33,17,20,36.05193853,24.88089957,Brand Tempestad,0.21289572999988238,0.18090986637730685
0,33,17,21,36.05276835,24.88560028,Brand Tempestad,0.4930197199997792,0.34968762033009904
0,33,17,22,36.05335547,24.89030255,Brand Tempestad,0.7586581499998388,0.561357351695119
0,33,17,23,36.05563185,24.89385642,Brand Tempestad,1.0693805799995886,0.7801384537716248
0,33,17,24,36.05999023,24.89691958,Brand Tempestad,1.480978219999546,1.0533027785497087
0,33,18,47,36.06250182,24.89882821,Brand Tempestad,1.7251964899999486,1.2220627006703468
0,33,18,48,36.05952128,24.89996367,Brand Tempestad,1.6020016299997941,1.1576209305518474
0,33,18,49,36.05700676,24.90242922,Brand Tempestad,1.5719423799997294,1.1920253235795348
0,33,20,19,36.05580239,24.90256001,Brand Tempestad,1.5060888899995213,1.1707167438197492
0,33,20,20,36.05854597,24.90076312,Brand Tempestad,1.5826560799996656,1.1606049262287843
0,33,20,21,36.06151559,24.89873575,Brand Tempestad,1.6614921499997521,1.180116570779062
